pmid	year	countries
7624641	1994	United Kingdom,United States
7827906	1994	Sweden,United Kingdom
9111460	1997	Hong Kong,United Kingdom
9671378	1998	Israel,United States
9710388	1998	Japan,United Kingdom
10172974	1997	United Kingdom,United States
10381799	1999	United Kingdom,United States
10805302	2000	United Kingdom,United States
11527675	2001	Japan,United Kingdom
12235506	2002	United Kingdom,United States
12682744	2003	Japan,United Kingdom
14518544	2003	Japan,United Kingdom
16353140	2006	Japan,United Kingdom
16928484	2006	France,United States
17520622	2006	United Kingdom,United States
17520625	2006	Israel,United States
17646225	2007	Israel,United States
17920481	2007	South Korea,United Kingdom
18566965	2008	Germany,United Kingdom
18984532	2008	Germany,United Kingdom
19793149	2010	Germany,United Kingdom
20689276	2010	South Korea,United Kingdom
20943317	2011	United Kingdom,United States
21114412	2011	South Korea,United States
22131088	2012	Japan,United Kingdom
22177178	2012	India,United States
22510121	2012	Australia,United Kingdom
22864881	2012	South Korea,United Kingdom
23356829	2013	Switzerland,United Kingdom
23492512	2013	South Korea,United States
23833240	2014	Spain,Sweden
24296806	2014	Iran,United Kingdom
24360715	2014	South Korea,United Kingdom,United States
24387929	2014	Japan,United Kingdom
24388099	2014	India,United States
24464386	2014	South Korea,United Kingdom
24504007	2014	Australia,China,United Kingdom
24582536	2014	Finland,Sweden
24805071	2014	Sweden,United Kingdom,United States
24878453	2014	South Korea,United States
24946742	2014	United Kingdom,United States
25041850	2014	France,United Kingdom,United States
25064455	2014	Japan,South Korea,United Kingdom,United States
25093611	2014	China,Hong Kong
25150644	2015	Australia,Canada
25238424	2015	India,United States
25391441	2015	Germany,United Kingdom
25444990	2015	Australia,United Kingdom
25526908	2015	United Kingdom,United States
25560809	2015	Canada,Germany,Spain,United Kingdom
25689839	2015	New Zealand,United States
25720557	2015	Germany,United Kingdom
25721452	2015	Canada,United Kingdom
25782919	2016	South Korea,United States
25840895	2016	France,Italy
25861746	2015	Italy,Spain
25887253	2015	France,Italy
25916972	2015	Denmark,Switzerland
26033972	2015	Germany,Japan,Netherlands,United States
26212891	2015	Turkey,United Kingdom
26216480	2015	China,Denmark
26489972	2015	Israel,United States
26495971	2015	Brazil,Germany,Italy,Spain
26531197	2015	Canada,United States
26575249	2015	Italy,South Korea
26631633	2015	Canada,United States
26798037	2016	Italy,United States
26825853	2016	China,Saudi Arabia,United States
26867018	2016	Sweden,United States
26947602	2016	Canada,Germany,Italy,United States
26969218	2016	Germany,United States
27017214	2017	Singapore,United States
27098143	2016	Spain,United States
27189375	2017	China,France
27317030	2017	Italy,United Kingdom
27362908	2017	Israel,United States
27544575	2017	Switzerland,United Kingdom
27644009	2016	Canada,France,Italy
27807349	2016	Japan,United Kingdom
27862866	2017	Germany,United States
27867080	2017	South Korea,United States
27923167	2017	Israel,United States
28028637	2017	Japan,United Kingdom
28107408	2017	South Korea,United Kingdom
28111300	2017	Australia,New Zealand
28111893	2017	France,United States
28169927	2017	China,France
28319517	2017	South Korea,United Kingdom
28388963	2017	Netherlands,United Kingdom
28487176	2017	South Korea,United Kingdom
28618097	2017	Netherlands,United Kingdom
28778047	2017	Finland,Italy,Sweden
28871410	2017	China,Hong Kong,United Kingdom,United States
29061068	2017	Japan,United Kingdom
29067426	2017	Denmark,Finland,Italy,New Zealand,United Kingdom
29090683	2018	Germany,Italy,United States
29101564	2018	Israel,Italy,Netherlands
29162068	2017	Japan,United Kingdom
29214515	2018	United Kingdom,United States
29289697	2018	Denmark,Germany
29360529	2018	Australia,New Zealand,United Kingdom
29366855	2019	Sweden,United Kingdom,United States
29447379	2018	Australia,Norway
29633813	2018	France,Italy
29645348	2018	Egypt,South Korea
29733492	2018	Italy,Japan,Netherlands,United Kingdom
29761273	2018	Canada,United Kingdom
29862630	2019	Australia,New Zealand,United Kingdom,United States
29883964	2018	Japan,United Kingdom
29950801	2018	United Kingdom,United States
30001923	2018	Canada,France,Germany,Italy,Japan,Netherlands,Switzerland,United Kingdom,United States
30032306	2018	Brazil,Italy,Switzerland
30080726	2019	Germany,Netherlands,United Kingdom
30292454	2018	China,France
30341966	2018	Germany,Japan
30370457	2019	Canada,United States
30380365	2018	Australia,Brazil,China,Italy
30397236	2018	Germany,United States
30421593	2019	Italy,United Kingdom,United States
30456502	2019	South Korea,United Kingdom
30506394	2019	Japan,United Kingdom
30554410	2019	Egypt,Italy
30585267	2018	China,United States
30868938	2019	France,Italy
30901345	2019	United Kingdom,United States
30922861	2019	Brazil,United States
31059728	2019	Canada,India
31069557	2019	Canada,Finland
31103393	2020	South Korea,United States
31124975	2019	China,Hong Kong
31146028	2019	Israel,United Kingdom
31158073	2018	Sweden,United States
31159822	2019	Hong Kong,United Kingdom
31182150	2019	China,Netherlands,South Korea,Taiwan
31203203	2019	Denmark,Finland,Germany,Norway,Sweden
31257704	2019	Hong Kong,United Kingdom,United States
31313324	2019	China,Hong Kong
31411972	2020	Germany,United States
31416685	2019	Australia,Canada
31435732	2020	Turkey,United Kingdom
31436325	2019	Canada,France,United States
31519194	2019	France,United States
31519328	2019	Ireland,United Kingdom,United States
31525137	2021	United Kingdom,United States
31586602	2020	Australia,Brazil,Canada,China,Israel,Italy
31678446	2020	France,Italy
31740072	2020	Denmark,United Kingdom
31770148	2020	Germany,Japan
31848757	2020	South Korea,United States
32375151	2020	Egypt,Italy,Saudi Arabia
32621918	2020	China,United States
32651769	2021	Italy,Netherlands
32660716	2020	Ireland,United States
32661707	2021	Israel,Italy,Netherlands,United States
32665059	2020	Brazil,Germany
32675074	2020	Japan,United Kingdom
32675553	2020	India,Ireland,Italy,United Kingdom
32741099	2020	China,Italy,United States
32862194	2020	Turkey,United States
32916021	2021	Sweden,United States
32989548	2021	India,United Kingdom
33079303	2021	China,Hong Kong
33106280	2021	Canada,Denmark,United Kingdom
33185847	2021	Germany,United Kingdom
33205847	2021	China,United States
33217131	2021	Israel,United States
33341916	2021	Italy,Netherlands
33368639	2021	Japan,United Kingdom
33398587	2021	Japan,United Kingdom
33430820	2021	France,Italy
33432386	2021	Germany,United Kingdom
33509211	2021	Germany,United Kingdom
33571072	2022	Canada,United States
33624798	2021	South Korea,United States
33742678	2021	Sweden,United Kingdom
33743059	2021	Sweden,United States
33834847	2021	Brazil,Israel
33839803	2023	Australia,France
33938492	2022	China,Germany,Italy,Japan,United Kingdom
34186136	2021	Germany,Switzerland
34197956	2022	Australia,United Kingdom
34218329	2021	Japan,United Kingdom
34244118	2022	Finland,United Kingdom
34356994	2021	Italy,Russia
34565343	2021	Germany,Netherlands,Switzerland
34580282	2021	Brazil,United States
34599040	2021	Japan,United Kingdom
34702332	2021	France,Italy,Netherlands,Spain,Switzerland
34724587	2022	United Kingdom,United States
34762317	2022	Germany,Norway
34845204	2021	China,India,Israel,Italy,United States
34896904	2022	China,United Kingdom
34995124	2022	Australia,Canada
34997525	2022	Brazil,Ireland,Italy,United Kingdom
35094007	2022	Australia,United States
35099356	2022	Denmark,Sweden
35108265	2022	Canada,France,United States
35129520	2022	Denmark,United Kingdom
35320878	2022	Germany,Switzerland
35549460	2022	Japan,Singapore
