file	kept	input_total
surgery_clinical_trials_pubmed25n0001.xml	5	139
surgery_clinical_trials_pubmed25n0002.xml	0	267
surgery_clinical_trials_pubmed25n0003.xml	2	286
surgery_clinical_trials_pubmed25n0004.xml	7	236
surgery_clinical_trials_pubmed25n0005.xml	8	204
surgery_clinical_trials_pubmed25n0006.xml	3	165
surgery_clinical_trials_pubmed25n0007.xml	9	103
surgery_clinical_trials_pubmed25n0008.xml	3	133
surgery_clinical_trials_pubmed25n0009.xml	4	161
surgery_clinical_trials_pubmed25n0010.xml	4	238
surgery_clinical_trials_pubmed25n0011.xml	6	375
surgery_clinical_trials_pubmed25n0012.xml	8	539
surgery_clinical_trials_pubmed25n0013.xml	5	457
surgery_clinical_trials_pubmed25n0014.xml	12	245
surgery_clinical_trials_pubmed25n0015.xml	3	223
surgery_clinical_trials_pubmed25n0016.xml	7	228
surgery_clinical_trials_pubmed25n0017.xml	8	220
surgery_clinical_trials_pubmed25n0018.xml	5	215
surgery_clinical_trials_pubmed25n0019.xml	5	159
surgery_clinical_trials_pubmed25n0020.xml	3	172
surgery_clinical_trials_pubmed25n0021.xml	10	223
surgery_clinical_trials_pubmed25n0022.xml	10	217
surgery_clinical_trials_pubmed25n0023.xml	2	164
surgery_clinical_trials_pubmed25n0024.xml	6	181
surgery_clinical_trials_pubmed25n0025.xml	9	205
surgery_clinical_trials_pubmed25n0026.xml	7	419
surgery_clinical_trials_pubmed25n0027.xml	8	270
surgery_clinical_trials_pubmed25n0028.xml	7	186
surgery_clinical_trials_pubmed25n0029.xml	4	183
surgery_clinical_trials_pubmed25n0030.xml	7	175
surgery_clinical_trials_pubmed25n0031.xml	6	193
surgery_clinical_trials_pubmed25n0032.xml	8	182
surgery_clinical_trials_pubmed25n0033.xml	7	183
surgery_clinical_trials_pubmed25n0034.xml	5	136
surgery_clinical_trials_pubmed25n0035.xml	7	160
surgery_clinical_trials_pubmed25n0036.xml	7	359
surgery_clinical_trials_pubmed25n0037.xml	4	297
surgery_clinical_trials_pubmed25n0038.xml	8	234
surgery_clinical_trials_pubmed25n0039.xml	4	194
surgery_clinical_trials_pubmed25n0040.xml	6	222
surgery_clinical_trials_pubmed25n0041.xml	6	152
surgery_clinical_trials_pubmed25n0042.xml	5	223
surgery_clinical_trials_pubmed25n0043.xml	14	523
surgery_clinical_trials_pubmed25n0044.xml	29	435
surgery_clinical_trials_pubmed25n0045.xml	13	378
surgery_clinical_trials_pubmed25n0046.xml	22	544
surgery_clinical_trials_pubmed25n0047.xml	20	617
surgery_clinical_trials_pubmed25n0048.xml	20	654
surgery_clinical_trials_pubmed25n0049.xml	21	546
surgery_clinical_trials_pubmed25n0050.xml	16	543
surgery_clinical_trials_pubmed25n0051.xml	25	693
surgery_clinical_trials_pubmed25n0052.xml	37	668
surgery_clinical_trials_pubmed25n0053.xml	11	673
surgery_clinical_trials_pubmed25n0054.xml	19	582
surgery_clinical_trials_pubmed25n0055.xml	27	415
surgery_clinical_trials_pubmed25n0056.xml	17	460
surgery_clinical_trials_pubmed25n0057.xml	26	544
surgery_clinical_trials_pubmed25n0058.xml	14	581
surgery_clinical_trials_pubmed25n0059.xml	17	551
surgery_clinical_trials_pubmed25n0060.xml	13	525
surgery_clinical_trials_pubmed25n0061.xml	15	536
surgery_clinical_trials_pubmed25n0062.xml	16	665
surgery_clinical_trials_pubmed25n0063.xml	30	548
surgery_clinical_trials_pubmed25n0064.xml	15	563
surgery_clinical_trials_pubmed25n0065.xml	7	520
surgery_clinical_trials_pubmed25n0066.xml	12	559
surgery_clinical_trials_pubmed25n0067.xml	18	618
surgery_clinical_trials_pubmed25n0068.xml	6	560
surgery_clinical_trials_pubmed25n0069.xml	21	589
surgery_clinical_trials_pubmed25n0070.xml	18	569
surgery_clinical_trials_pubmed25n0071.xml	26	499
surgery_clinical_trials_pubmed25n0072.xml	12	483
surgery_clinical_trials_pubmed25n0073.xml	7	676
surgery_clinical_trials_pubmed25n0074.xml	18	672
surgery_clinical_trials_pubmed25n0075.xml	14	621
surgery_clinical_trials_pubmed25n0076.xml	12	588
surgery_clinical_trials_pubmed25n0077.xml	19	492
surgery_clinical_trials_pubmed25n0078.xml	23	523
surgery_clinical_trials_pubmed25n0079.xml	13	488
surgery_clinical_trials_pubmed25n0080.xml	13	464
surgery_clinical_trials_pubmed25n0081.xml	22	367
surgery_clinical_trials_pubmed25n0082.xml	25	460
surgery_clinical_trials_pubmed25n0083.xml	15	485
surgery_clinical_trials_pubmed25n0084.xml	27	478
surgery_clinical_trials_pubmed25n0085.xml	15	342
surgery_clinical_trials_pubmed25n0086.xml	14	431
surgery_clinical_trials_pubmed25n0087.xml	13	397
surgery_clinical_trials_pubmed25n0088.xml	9	791
surgery_clinical_trials_pubmed25n0089.xml	4	666
surgery_clinical_trials_pubmed25n0090.xml	16	504
surgery_clinical_trials_pubmed25n0091.xml	9	478
surgery_clinical_trials_pubmed25n0092.xml	17	477
surgery_clinical_trials_pubmed25n0093.xml	14	516
surgery_clinical_trials_pubmed25n0094.xml	10	288
surgery_clinical_trials_pubmed25n0095.xml	11	315
surgery_clinical_trials_pubmed25n0096.xml	7	367
surgery_clinical_trials_pubmed25n0097.xml	12	428
surgery_clinical_trials_pubmed25n0098.xml	11	456
surgery_clinical_trials_pubmed25n0099.xml	13	377
surgery_clinical_trials_pubmed25n0100.xml	2	198
surgery_clinical_trials_pubmed25n0101.xml	10	399
surgery_clinical_trials_pubmed25n0102.xml	12	582
surgery_clinical_trials_pubmed25n0103.xml	17	410
surgery_clinical_trials_pubmed25n0104.xml	31	519
surgery_clinical_trials_pubmed25n0105.xml	11	452
surgery_clinical_trials_pubmed25n0106.xml	15	429
surgery_clinical_trials_pubmed25n0107.xml	9	390
surgery_clinical_trials_pubmed25n0108.xml	13	427
surgery_clinical_trials_pubmed25n0109.xml	19	650
surgery_clinical_trials_pubmed25n0110.xml	12	640
surgery_clinical_trials_pubmed25n0111.xml	14	551
surgery_clinical_trials_pubmed25n0112.xml	17	401
surgery_clinical_trials_pubmed25n0113.xml	14	423
surgery_clinical_trials_pubmed25n0114.xml	11	384
surgery_clinical_trials_pubmed25n0115.xml	7	291
surgery_clinical_trials_pubmed25n0116.xml	17	450
surgery_clinical_trials_pubmed25n0117.xml	12	757
surgery_clinical_trials_pubmed25n0118.xml	14	600
surgery_clinical_trials_pubmed25n0119.xml	9	388
surgery_clinical_trials_pubmed25n0120.xml	15	378
surgery_clinical_trials_pubmed25n0121.xml	4	215
surgery_clinical_trials_pubmed25n0122.xml	15	427
surgery_clinical_trials_pubmed25n0123.xml	14	372
surgery_clinical_trials_pubmed25n0124.xml	17	419
surgery_clinical_trials_pubmed25n0125.xml	8	348
surgery_clinical_trials_pubmed25n0126.xml	10	341
surgery_clinical_trials_pubmed25n0127.xml	8	401
surgery_clinical_trials_pubmed25n0128.xml	3	213
surgery_clinical_trials_pubmed25n0129.xml	11	572
surgery_clinical_trials_pubmed25n0130.xml	15	630
surgery_clinical_trials_pubmed25n0131.xml	12	418
surgery_clinical_trials_pubmed25n0132.xml	16	384
surgery_clinical_trials_pubmed25n0133.xml	8	376
surgery_clinical_trials_pubmed25n0134.xml	11	381
surgery_clinical_trials_pubmed25n0135.xml	6	359
surgery_clinical_trials_pubmed25n0136.xml	4	289
surgery_clinical_trials_pubmed25n0137.xml	0	109
surgery_clinical_trials_pubmed25n0138.xml	0	137
surgery_clinical_trials_pubmed25n0139.xml	0	58
surgery_clinical_trials_pubmed25n0140.xml	5	175
surgery_clinical_trials_pubmed25n0141.xml	2	29
surgery_clinical_trials_pubmed25n0142.xml	2	152
surgery_clinical_trials_pubmed25n0143.xml	0	27
surgery_clinical_trials_pubmed25n0144.xml	1	25
surgery_clinical_trials_pubmed25n0145.xml	1	99
surgery_clinical_trials_pubmed25n0146.xml	0	41
surgery_clinical_trials_pubmed25n0147.xml	1	201
surgery_clinical_trials_pubmed25n0148.xml	2	178
surgery_clinical_trials_pubmed25n0149.xml	0	66
surgery_clinical_trials_pubmed25n0150.xml	0	75
surgery_clinical_trials_pubmed25n0151.xml	3	177
surgery_clinical_trials_pubmed25n0152.xml	0	225
surgery_clinical_trials_pubmed25n0153.xml	6	397
surgery_clinical_trials_pubmed25n0154.xml	0	135
surgery_clinical_trials_pubmed25n0155.xml	0	61
surgery_clinical_trials_pubmed25n0156.xml	0	102
surgery_clinical_trials_pubmed25n0157.xml	0	82
surgery_clinical_trials_pubmed25n0158.xml	1	147
surgery_clinical_trials_pubmed25n0159.xml	0	135
surgery_clinical_trials_pubmed25n0160.xml	2	171
surgery_clinical_trials_pubmed25n0161.xml	4	222
surgery_clinical_trials_pubmed25n0162.xml	0	151
surgery_clinical_trials_pubmed25n0163.xml	1	211
surgery_clinical_trials_pubmed25n0164.xml	1	190
surgery_clinical_trials_pubmed25n0165.xml	0	76
surgery_clinical_trials_pubmed25n0166.xml	1	63
surgery_clinical_trials_pubmed25n0167.xml	0	62
surgery_clinical_trials_pubmed25n0168.xml	0	61
surgery_clinical_trials_pubmed25n0169.xml	0	65
surgery_clinical_trials_pubmed25n0170.xml	1	65
surgery_clinical_trials_pubmed25n0171.xml	0	35
surgery_clinical_trials_pubmed25n0172.xml	0	35
surgery_clinical_trials_pubmed25n0173.xml	0	13
surgery_clinical_trials_pubmed25n0174.xml	0	54
surgery_clinical_trials_pubmed25n0175.xml	0	60
surgery_clinical_trials_pubmed25n0176.xml	0	45
surgery_clinical_trials_pubmed25n0177.xml	0	199
surgery_clinical_trials_pubmed25n0178.xml	0	79
surgery_clinical_trials_pubmed25n0179.xml	1	53
surgery_clinical_trials_pubmed25n0180.xml	0	65
surgery_clinical_trials_pubmed25n0181.xml	0	75
surgery_clinical_trials_pubmed25n0182.xml	0	61
surgery_clinical_trials_pubmed25n0183.xml	0	51
surgery_clinical_trials_pubmed25n0184.xml	1	67
surgery_clinical_trials_pubmed25n0185.xml	0	71
surgery_clinical_trials_pubmed25n0186.xml	0	35
surgery_clinical_trials_pubmed25n0187.xml	0	46
surgery_clinical_trials_pubmed25n0188.xml	0	62
surgery_clinical_trials_pubmed25n0189.xml	1	50
surgery_clinical_trials_pubmed25n0190.xml	1	41
surgery_clinical_trials_pubmed25n0191.xml	0	40
surgery_clinical_trials_pubmed25n0192.xml	1	71
surgery_clinical_trials_pubmed25n0193.xml	2	66
surgery_clinical_trials_pubmed25n0194.xml	1	34
surgery_clinical_trials_pubmed25n0195.xml	0	16
surgery_clinical_trials_pubmed25n0196.xml	0	21
surgery_clinical_trials_pubmed25n0197.xml	0	34
surgery_clinical_trials_pubmed25n0198.xml	0	23
surgery_clinical_trials_pubmed25n0199.xml	0	14
surgery_clinical_trials_pubmed25n0200.xml	0	54
surgery_clinical_trials_pubmed25n0201.xml	1	25
surgery_clinical_trials_pubmed25n0202.xml	2	75
surgery_clinical_trials_pubmed25n0203.xml	5	280
surgery_clinical_trials_pubmed25n0204.xml	8	274
surgery_clinical_trials_pubmed25n0205.xml	8	276
surgery_clinical_trials_pubmed25n0206.xml	14	368
surgery_clinical_trials_pubmed25n0208.xml	7	155
surgery_clinical_trials_pubmed25n0209.xml	3	199
surgery_clinical_trials_pubmed25n0210.xml	9	212
surgery_clinical_trials_pubmed25n0211.xml	16	649
surgery_clinical_trials_pubmed25n0212.xml	11	740
surgery_clinical_trials_pubmed25n0213.xml	10	455
surgery_clinical_trials_pubmed25n0214.xml	19	380
surgery_clinical_trials_pubmed25n0216.xml	10	373
surgery_clinical_trials_pubmed25n0217.xml	5	300
surgery_clinical_trials_pubmed25n0218.xml	6	170
surgery_clinical_trials_pubmed25n0219.xml	14	354
surgery_clinical_trials_pubmed25n0220.xml	6	407
surgery_clinical_trials_pubmed25n0221.xml	5	357
surgery_clinical_trials_pubmed25n0222.xml	10	304
surgery_clinical_trials_pubmed25n0223.xml	12	391
surgery_clinical_trials_pubmed25n0224.xml	8	404
surgery_clinical_trials_pubmed25n0225.xml	7	399
surgery_clinical_trials_pubmed25n0226.xml	5	299
surgery_clinical_trials_pubmed25n0227.xml	14	399
surgery_clinical_trials_pubmed25n0228.xml	11	430
surgery_clinical_trials_pubmed25n0229.xml	10	284
surgery_clinical_trials_pubmed25n0230.xml	4	84
surgery_clinical_trials_pubmed25n0231.xml	2	295
surgery_clinical_trials_pubmed25n0232.xml	3	376
surgery_clinical_trials_pubmed25n0233.xml	9	558
surgery_clinical_trials_pubmed25n0234.xml	4	589
surgery_clinical_trials_pubmed25n0235.xml	12	440
surgery_clinical_trials_pubmed25n0236.xml	11	358
surgery_clinical_trials_pubmed25n0237.xml	7	330
surgery_clinical_trials_pubmed25n0238.xml	6	242
surgery_clinical_trials_pubmed25n0239.xml	10	239
surgery_clinical_trials_pubmed25n0240.xml	7	278
surgery_clinical_trials_pubmed25n0241.xml	5	313
surgery_clinical_trials_pubmed25n0242.xml	6	305
surgery_clinical_trials_pubmed25n0243.xml	4	282
surgery_clinical_trials_pubmed25n0244.xml	4	254
surgery_clinical_trials_pubmed25n0245.xml	9	292
surgery_clinical_trials_pubmed25n0246.xml	8	271
surgery_clinical_trials_pubmed25n0247.xml	8	274
surgery_clinical_trials_pubmed25n0248.xml	7	292
surgery_clinical_trials_pubmed25n0249.xml	22	875
surgery_clinical_trials_pubmed25n0250.xml	34	689
surgery_clinical_trials_pubmed25n0251.xml	39	871
surgery_clinical_trials_pubmed25n0252.xml	31	797
surgery_clinical_trials_pubmed25n0253.xml	27	919
surgery_clinical_trials_pubmed25n0254.xml	26	815
surgery_clinical_trials_pubmed25n0255.xml	23	837
surgery_clinical_trials_pubmed25n0256.xml	14	614
surgery_clinical_trials_pubmed25n0257.xml	24	882
surgery_clinical_trials_pubmed25n0258.xml	24	713
surgery_clinical_trials_pubmed25n0259.xml	25	936
surgery_clinical_trials_pubmed25n0260.xml	19	730
surgery_clinical_trials_pubmed25n0261.xml	39	834
surgery_clinical_trials_pubmed25n0262.xml	44	944
surgery_clinical_trials_pubmed25n0263.xml	20	594
surgery_clinical_trials_pubmed25n0264.xml	16	1001
surgery_clinical_trials_pubmed25n0265.xml	26	1021
surgery_clinical_trials_pubmed25n0266.xml	20	889
surgery_clinical_trials_pubmed25n0267.xml	20	699
surgery_clinical_trials_pubmed25n0269.xml	17	652
surgery_clinical_trials_pubmed25n0270.xml	19	638
surgery_clinical_trials_pubmed25n0271.xml	17	597
surgery_clinical_trials_pubmed25n0272.xml	21	783
surgery_clinical_trials_pubmed25n0273.xml	25	747
surgery_clinical_trials_pubmed25n0274.xml	21	627
surgery_clinical_trials_pubmed25n0275.xml	28	663
surgery_clinical_trials_pubmed25n0277.xml	24	673
surgery_clinical_trials_pubmed25n0278.xml	24	646
surgery_clinical_trials_pubmed25n0279.xml	17	476
surgery_clinical_trials_pubmed25n0280.xml	20	635
surgery_clinical_trials_pubmed25n0281.xml	22	706
surgery_clinical_trials_pubmed25n0282.xml	24	664
surgery_clinical_trials_pubmed25n0283.xml	22	631
surgery_clinical_trials_pubmed25n0284.xml	28	733
surgery_clinical_trials_pubmed25n0285.xml	30	832
surgery_clinical_trials_pubmed25n0286.xml	24	848
surgery_clinical_trials_pubmed25n0287.xml	23	997
surgery_clinical_trials_pubmed25n0288.xml	26	999
surgery_clinical_trials_pubmed25n0289.xml	25	1076
surgery_clinical_trials_pubmed25n0290.xml	30	791
surgery_clinical_trials_pubmed25n0291.xml	21	797
surgery_clinical_trials_pubmed25n0292.xml	22	757
surgery_clinical_trials_pubmed25n0293.xml	27	662
surgery_clinical_trials_pubmed25n0294.xml	28	753
surgery_clinical_trials_pubmed25n0295.xml	23	736
surgery_clinical_trials_pubmed25n0296.xml	16	710
surgery_clinical_trials_pubmed25n0297.xml	20	637
surgery_clinical_trials_pubmed25n0298.xml	30	751
surgery_clinical_trials_pubmed25n0299.xml	20	706
surgery_clinical_trials_pubmed25n0300.xml	14	665
surgery_clinical_trials_pubmed25n0301.xml	21	939
surgery_clinical_trials_pubmed25n0302.xml	20	787
surgery_clinical_trials_pubmed25n0303.xml	16	885
surgery_clinical_trials_pubmed25n0304.xml	27	815
surgery_clinical_trials_pubmed25n0305.xml	25	819
surgery_clinical_trials_pubmed25n0306.xml	18	727
surgery_clinical_trials_pubmed25n0307.xml	13	813
surgery_clinical_trials_pubmed25n0308.xml	25	751
surgery_clinical_trials_pubmed25n0309.xml	29	852
surgery_clinical_trials_pubmed25n0310.xml	28	801
surgery_clinical_trials_pubmed25n0311.xml	29	763
surgery_clinical_trials_pubmed25n0312.xml	26	823
surgery_clinical_trials_pubmed25n0313.xml	17	877
surgery_clinical_trials_pubmed25n0314.xml	23	874
surgery_clinical_trials_pubmed25n0316.xml	17	700
surgery_clinical_trials_pubmed25n0317.xml	24	755
surgery_clinical_trials_pubmed25n0318.xml	32	855
surgery_clinical_trials_pubmed25n0319.xml	14	800
surgery_clinical_trials_pubmed25n0320.xml	24	966
surgery_clinical_trials_pubmed25n0321.xml	34	858
surgery_clinical_trials_pubmed25n0322.xml	16	863
surgery_clinical_trials_pubmed25n0323.xml	20	746
surgery_clinical_trials_pubmed25n0324.xml	27	789
surgery_clinical_trials_pubmed25n0325.xml	17	796
surgery_clinical_trials_pubmed25n0326.xml	33	1019
surgery_clinical_trials_pubmed25n0327.xml	35	883
surgery_clinical_trials_pubmed25n0328.xml	10	454
surgery_clinical_trials_pubmed25n0329.xml	19	629
surgery_clinical_trials_pubmed25n0330.xml	4	114
surgery_clinical_trials_pubmed25n0331.xml	6	153
surgery_clinical_trials_pubmed25n0332.xml	3	179
surgery_clinical_trials_pubmed25n0333.xml	18	301
surgery_clinical_trials_pubmed25n0334.xml	20	903
surgery_clinical_trials_pubmed25n0335.xml	7	314
surgery_clinical_trials_pubmed25n0336.xml	1	263
surgery_clinical_trials_pubmed25n0337.xml	3	198
surgery_clinical_trials_pubmed25n0338.xml	15	798
surgery_clinical_trials_pubmed25n0339.xml	28	834
surgery_clinical_trials_pubmed25n0340.xml	0	24
surgery_clinical_trials_pubmed25n0341.xml	0	16
surgery_clinical_trials_pubmed25n0342.xml	5	362
surgery_clinical_trials_pubmed25n0343.xml	16	636
surgery_clinical_trials_pubmed25n0344.xml	26	827
surgery_clinical_trials_pubmed25n0345.xml	17	749
surgery_clinical_trials_pubmed25n0346.xml	19	908
surgery_clinical_trials_pubmed25n0347.xml	25	897
surgery_clinical_trials_pubmed25n0348.xml	33	867
surgery_clinical_trials_pubmed25n0349.xml	20	836
surgery_clinical_trials_pubmed25n0350.xml	16	821
surgery_clinical_trials_pubmed25n0351.xml	25	824
surgery_clinical_trials_pubmed25n0352.xml	20	870
surgery_clinical_trials_pubmed25n0353.xml	11	823
surgery_clinical_trials_pubmed25n0354.xml	16	725
surgery_clinical_trials_pubmed25n0355.xml	21	771
surgery_clinical_trials_pubmed25n0356.xml	20	752
surgery_clinical_trials_pubmed25n0357.xml	20	775
surgery_clinical_trials_pubmed25n0358.xml	29	751
surgery_clinical_trials_pubmed25n0359.xml	12	705
surgery_clinical_trials_pubmed25n0360.xml	18	740
surgery_clinical_trials_pubmed25n0361.xml	14	733
surgery_clinical_trials_pubmed25n0362.xml	17	795
surgery_clinical_trials_pubmed25n0363.xml	14	763
surgery_clinical_trials_pubmed25n0364.xml	18	699
surgery_clinical_trials_pubmed25n0365.xml	22	872
surgery_clinical_trials_pubmed25n0366.xml	21	685
surgery_clinical_trials_pubmed25n0367.xml	22	801
surgery_clinical_trials_pubmed25n0369.xml	14	824
surgery_clinical_trials_pubmed25n0370.xml	10	582
surgery_clinical_trials_pubmed25n0371.xml	20	773
surgery_clinical_trials_pubmed25n0372.xml	16	662
surgery_clinical_trials_pubmed25n0373.xml	20	754
surgery_clinical_trials_pubmed25n0374.xml	28	743
surgery_clinical_trials_pubmed25n0375.xml	17	668
surgery_clinical_trials_pubmed25n0377.xml	16	678
surgery_clinical_trials_pubmed25n0378.xml	19	553
surgery_clinical_trials_pubmed25n0379.xml	18	619
surgery_clinical_trials_pubmed25n0380.xml	16	717
surgery_clinical_trials_pubmed25n0381.xml	16	717
surgery_clinical_trials_pubmed25n0382.xml	13	542
surgery_clinical_trials_pubmed25n0383.xml	15	748
surgery_clinical_trials_pubmed25n0384.xml	7	167
surgery_clinical_trials_pubmed25n0385.xml	0	41
surgery_clinical_trials_pubmed25n0386.xml	18	507
surgery_clinical_trials_pubmed25n0387.xml	10	630
surgery_clinical_trials_pubmed25n0388.xml	18	774
surgery_clinical_trials_pubmed25n0389.xml	17	654
surgery_clinical_trials_pubmed25n0390.xml	16	693
surgery_clinical_trials_pubmed25n0391.xml	20	676
surgery_clinical_trials_pubmed25n0392.xml	10	598
surgery_clinical_trials_pubmed25n0393.xml	22	604
surgery_clinical_trials_pubmed25n0394.xml	23	669
surgery_clinical_trials_pubmed25n0395.xml	17	700
surgery_clinical_trials_pubmed25n0396.xml	21	635
surgery_clinical_trials_pubmed25n0397.xml	23	677
surgery_clinical_trials_pubmed25n0398.xml	16	653
surgery_clinical_trials_pubmed25n0399.xml	25	677
surgery_clinical_trials_pubmed25n0400.xml	17	663
surgery_clinical_trials_pubmed25n0401.xml	25	812
surgery_clinical_trials_pubmed25n0402.xml	14	628
surgery_clinical_trials_pubmed25n0403.xml	17	655
surgery_clinical_trials_pubmed25n0404.xml	8	234
surgery_clinical_trials_pubmed25n0405.xml	9	466
surgery_clinical_trials_pubmed25n0406.xml	27	772
surgery_clinical_trials_pubmed25n0407.xml	21	706
surgery_clinical_trials_pubmed25n0408.xml	14	748
surgery_clinical_trials_pubmed25n0409.xml	17	818
surgery_clinical_trials_pubmed25n0410.xml	19	652
surgery_clinical_trials_pubmed25n0411.xml	19	831
surgery_clinical_trials_pubmed25n0412.xml	23	707
surgery_clinical_trials_pubmed25n0413.xml	33	722
surgery_clinical_trials_pubmed25n0414.xml	28	768
surgery_clinical_trials_pubmed25n0415.xml	29	769
surgery_clinical_trials_pubmed25n0416.xml	27	800
surgery_clinical_trials_pubmed25n0417.xml	19	673
surgery_clinical_trials_pubmed25n0418.xml	33	745
surgery_clinical_trials_pubmed25n0419.xml	21	774
surgery_clinical_trials_pubmed25n0420.xml	28	820
surgery_clinical_trials_pubmed25n0421.xml	29	752
surgery_clinical_trials_pubmed25n0422.xml	33	767
surgery_clinical_trials_pubmed25n0423.xml	36	836
surgery_clinical_trials_pubmed25n0424.xml	19	617
surgery_clinical_trials_pubmed25n0425.xml	0	0
surgery_clinical_trials_pubmed25n0426.xml	0	0
surgery_clinical_trials_pubmed25n0428.xml	0	0
surgery_clinical_trials_pubmed25n0429.xml	0	30
surgery_clinical_trials_pubmed25n0430.xml	0	0
surgery_clinical_trials_pubmed25n0431.xml	0	0
surgery_clinical_trials_pubmed25n0432.xml	0	0
surgery_clinical_trials_pubmed25n0433.xml	0	0
surgery_clinical_trials_pubmed25n0434.xml	0	0
surgery_clinical_trials_pubmed25n0435.xml	0	0
surgery_clinical_trials_pubmed25n0436.xml	0	0
surgery_clinical_trials_pubmed25n0437.xml	0	0
surgery_clinical_trials_pubmed25n0438.xml	0	0
surgery_clinical_trials_pubmed25n0440.xml	0	0
surgery_clinical_trials_pubmed25n0441.xml	0	0
surgery_clinical_trials_pubmed25n0442.xml	0	0
surgery_clinical_trials_pubmed25n0443.xml	0	0
surgery_clinical_trials_pubmed25n0445.xml	0	0
surgery_clinical_trials_pubmed25n0446.xml	0	0
surgery_clinical_trials_pubmed25n0447.xml	0	0
surgery_clinical_trials_pubmed25n0448.xml	3	58
surgery_clinical_trials_pubmed25n0449.xml	0	0
surgery_clinical_trials_pubmed25n0450.xml	0	0
surgery_clinical_trials_pubmed25n0451.xml	0	0
surgery_clinical_trials_pubmed25n0452.xml	0	0
surgery_clinical_trials_pubmed25n0453.xml	0	0
surgery_clinical_trials_pubmed25n0454.xml	0	0
surgery_clinical_trials_pubmed25n0455.xml	0	0
surgery_clinical_trials_pubmed25n0457.xml	0	0
surgery_clinical_trials_pubmed25n0458.xml	0	0
surgery_clinical_trials_pubmed25n0459.xml	0	0
surgery_clinical_trials_pubmed25n0460.xml	0	0
surgery_clinical_trials_pubmed25n0461.xml	0	0
surgery_clinical_trials_pubmed25n0462.xml	0	0
surgery_clinical_trials_pubmed25n0463.xml	0	0
surgery_clinical_trials_pubmed25n0464.xml	0	0
surgery_clinical_trials_pubmed25n0465.xml	0	0
surgery_clinical_trials_pubmed25n0466.xml	0	0
surgery_clinical_trials_pubmed25n0467.xml	0	0
surgery_clinical_trials_pubmed25n0468.xml	0	0
surgery_clinical_trials_pubmed25n0469.xml	0	0
surgery_clinical_trials_pubmed25n0470.xml	0	0
surgery_clinical_trials_pubmed25n0471.xml	0	0
surgery_clinical_trials_pubmed25n0472.xml	0	0
surgery_clinical_trials_pubmed25n0473.xml	0	0
surgery_clinical_trials_pubmed25n0474.xml	0	0
surgery_clinical_trials_pubmed25n0475.xml	17	529
surgery_clinical_trials_pubmed25n0476.xml	28	865
surgery_clinical_trials_pubmed25n0477.xml	24	807
surgery_clinical_trials_pubmed25n0478.xml	43	903
surgery_clinical_trials_pubmed25n0479.xml	29	866
surgery_clinical_trials_pubmed25n0480.xml	33	851
surgery_clinical_trials_pubmed25n0481.xml	34	748
surgery_clinical_trials_pubmed25n0482.xml	41	927
surgery_clinical_trials_pubmed25n0483.xml	3	135
surgery_clinical_trials_pubmed25n0484.xml	0	0
surgery_clinical_trials_pubmed25n0485.xml	0	0
surgery_clinical_trials_pubmed25n0486.xml	2	23
surgery_clinical_trials_pubmed25n0487.xml	0	0
surgery_clinical_trials_pubmed25n0488.xml	0	0
surgery_clinical_trials_pubmed25n0489.xml	15	409
surgery_clinical_trials_pubmed25n0490.xml	26	748
surgery_clinical_trials_pubmed25n0491.xml	26	772
surgery_clinical_trials_pubmed25n0492.xml	34	861
surgery_clinical_trials_pubmed25n0493.xml	35	799
surgery_clinical_trials_pubmed25n0494.xml	28	893
surgery_clinical_trials_pubmed25n0495.xml	37	816
surgery_clinical_trials_pubmed25n0496.xml	31	838
surgery_clinical_trials_pubmed25n0497.xml	35	750
surgery_clinical_trials_pubmed25n0498.xml	32	668
surgery_clinical_trials_pubmed25n0499.xml	38	788
surgery_clinical_trials_pubmed25n0500.xml	29	717
surgery_clinical_trials_pubmed25n0501.xml	40	853
surgery_clinical_trials_pubmed25n0502.xml	20	662
surgery_clinical_trials_pubmed25n0503.xml	0	0
surgery_clinical_trials_pubmed25n0504.xml	16	303
surgery_clinical_trials_pubmed25n0505.xml	26	726
surgery_clinical_trials_pubmed25n0506.xml	34	801
surgery_clinical_trials_pubmed25n0507.xml	25	776
surgery_clinical_trials_pubmed25n0508.xml	38	868
surgery_clinical_trials_pubmed25n0509.xml	30	784
surgery_clinical_trials_pubmed25n0510.xml	21	716
surgery_clinical_trials_pubmed25n0511.xml	45	857
surgery_clinical_trials_pubmed25n0512.xml	36	848
surgery_clinical_trials_pubmed25n0513.xml	38	889
surgery_clinical_trials_pubmed25n0514.xml	33	946
surgery_clinical_trials_pubmed25n0515.xml	39	936
surgery_clinical_trials_pubmed25n0516.xml	24	819
surgery_clinical_trials_pubmed25n0517.xml	39	929
surgery_clinical_trials_pubmed25n0518.xml	19	792
surgery_clinical_trials_pubmed25n0519.xml	36	858
surgery_clinical_trials_pubmed25n0520.xml	32	892
surgery_clinical_trials_pubmed25n0521.xml	21	842
surgery_clinical_trials_pubmed25n0522.xml	27	675
surgery_clinical_trials_pubmed25n0523.xml	32	769
surgery_clinical_trials_pubmed25n0524.xml	30	792
surgery_clinical_trials_pubmed25n0525.xml	29	804
surgery_clinical_trials_pubmed25n0526.xml	32	894
surgery_clinical_trials_pubmed25n0528.xml	25	893
surgery_clinical_trials_pubmed25n0529.xml	29	754
surgery_clinical_trials_pubmed25n0530.xml	31	811
surgery_clinical_trials_pubmed25n0531.xml	28	961
surgery_clinical_trials_pubmed25n0532.xml	25	651
surgery_clinical_trials_pubmed25n0533.xml	24	778
surgery_clinical_trials_pubmed25n0534.xml	32	866
surgery_clinical_trials_pubmed25n0535.xml	22	920
surgery_clinical_trials_pubmed25n0536.xml	33	854
surgery_clinical_trials_pubmed25n0537.xml	26	813
surgery_clinical_trials_pubmed25n0538.xml	26	707
surgery_clinical_trials_pubmed25n0540.xml	31	695
surgery_clinical_trials_pubmed25n0541.xml	29	673
surgery_clinical_trials_pubmed25n0542.xml	11	577
surgery_clinical_trials_pubmed25n0543.xml	30	663
surgery_clinical_trials_pubmed25n0545.xml	22	750
surgery_clinical_trials_pubmed25n0546.xml	24	719
surgery_clinical_trials_pubmed25n0547.xml	21	695
surgery_clinical_trials_pubmed25n0548.xml	25	638
surgery_clinical_trials_pubmed25n0549.xml	25	691
surgery_clinical_trials_pubmed25n0550.xml	20	766
surgery_clinical_trials_pubmed25n0551.xml	19	640
surgery_clinical_trials_pubmed25n0552.xml	15	630
surgery_clinical_trials_pubmed25n0553.xml	14	588
surgery_clinical_trials_pubmed25n0554.xml	14	747
surgery_clinical_trials_pubmed25n0555.xml	13	596
surgery_clinical_trials_pubmed25n0557.xml	11	576
surgery_clinical_trials_pubmed25n0558.xml	11	650
surgery_clinical_trials_pubmed25n0559.xml	17	560
surgery_clinical_trials_pubmed25n0560.xml	16	593
surgery_clinical_trials_pubmed25n0561.xml	20	544
surgery_clinical_trials_pubmed25n0562.xml	14	673
surgery_clinical_trials_pubmed25n0563.xml	18	536
surgery_clinical_trials_pubmed25n0564.xml	14	566
surgery_clinical_trials_pubmed25n0565.xml	9	584
surgery_clinical_trials_pubmed25n0566.xml	21	709
surgery_clinical_trials_pubmed25n0567.xml	10	660
surgery_clinical_trials_pubmed25n0568.xml	22	689
surgery_clinical_trials_pubmed25n0569.xml	19	587
surgery_clinical_trials_pubmed25n0570.xml	14	603
surgery_clinical_trials_pubmed25n0571.xml	17	606
surgery_clinical_trials_pubmed25n0572.xml	16	513
surgery_clinical_trials_pubmed25n0573.xml	8	535
surgery_clinical_trials_pubmed25n0574.xml	23	663
surgery_clinical_trials_pubmed25n0575.xml	3	195
surgery_clinical_trials_pubmed25n0576.xml	3	201
surgery_clinical_trials_pubmed25n0577.xml	2	96
surgery_clinical_trials_pubmed25n0578.xml	1	142
surgery_clinical_trials_pubmed25n0579.xml	8	373
surgery_clinical_trials_pubmed25n0580.xml	14	684
surgery_clinical_trials_pubmed25n0581.xml	21	622
surgery_clinical_trials_pubmed25n0582.xml	19	637
surgery_clinical_trials_pubmed25n0583.xml	17	642
surgery_clinical_trials_pubmed25n0584.xml	15	419
surgery_clinical_trials_pubmed25n0585.xml	13	652
surgery_clinical_trials_pubmed25n0586.xml	26	724
surgery_clinical_trials_pubmed25n0587.xml	0	12
surgery_clinical_trials_pubmed25n0588.xml	2	164
surgery_clinical_trials_pubmed25n0589.xml	20	632
surgery_clinical_trials_pubmed25n0590.xml	21	619
surgery_clinical_trials_pubmed25n0591.xml	9	540
surgery_clinical_trials_pubmed25n0592.xml	22	627
surgery_clinical_trials_pubmed25n0593.xml	19	748
surgery_clinical_trials_pubmed25n0594.xml	9	605
surgery_clinical_trials_pubmed25n0595.xml	19	685
surgery_clinical_trials_pubmed25n0596.xml	19	631
surgery_clinical_trials_pubmed25n0597.xml	20	712
surgery_clinical_trials_pubmed25n0598.xml	13	594
surgery_clinical_trials_pubmed25n0599.xml	19	689
surgery_clinical_trials_pubmed25n0600.xml	15	663
surgery_clinical_trials_pubmed25n0601.xml	21	697
surgery_clinical_trials_pubmed25n0602.xml	17	623
surgery_clinical_trials_pubmed25n0603.xml	16	581
surgery_clinical_trials_pubmed25n0604.xml	14	672
surgery_clinical_trials_pubmed25n0605.xml	15	584
surgery_clinical_trials_pubmed25n0606.xml	15	540
surgery_clinical_trials_pubmed25n0607.xml	9	349
surgery_clinical_trials_pubmed25n0608.xml	15	593
surgery_clinical_trials_pubmed25n0609.xml	21	721
surgery_clinical_trials_pubmed25n0610.xml	5	434
surgery_clinical_trials_pubmed25n0611.xml	0	0
surgery_clinical_trials_pubmed25n0612.xml	5	102
surgery_clinical_trials_pubmed25n0613.xml	23	596
surgery_clinical_trials_pubmed25n0614.xml	9	415
surgery_clinical_trials_pubmed25n0615.xml	8	583
surgery_clinical_trials_pubmed25n0616.xml	9	614
surgery_clinical_trials_pubmed25n0617.xml	6	585
surgery_clinical_trials_pubmed25n0618.xml	18	787
surgery_clinical_trials_pubmed25n0619.xml	14	633
surgery_clinical_trials_pubmed25n0620.xml	19	671
surgery_clinical_trials_pubmed25n0621.xml	15	581
surgery_clinical_trials_pubmed25n0622.xml	13	757
surgery_clinical_trials_pubmed25n0623.xml	8	614
surgery_clinical_trials_pubmed25n0624.xml	19	665
surgery_clinical_trials_pubmed25n0625.xml	10	536
surgery_clinical_trials_pubmed25n0626.xml	17	640
surgery_clinical_trials_pubmed25n0627.xml	16	704
surgery_clinical_trials_pubmed25n0628.xml	14	601
surgery_clinical_trials_pubmed25n0629.xml	22	629
surgery_clinical_trials_pubmed25n0630.xml	19	602
surgery_clinical_trials_pubmed25n0631.xml	17	612
surgery_clinical_trials_pubmed25n0632.xml	12	651
surgery_clinical_trials_pubmed25n0633.xml	12	581
surgery_clinical_trials_pubmed25n0634.xml	19	638
surgery_clinical_trials_pubmed25n0635.xml	13	672
surgery_clinical_trials_pubmed25n0636.xml	23	739
surgery_clinical_trials_pubmed25n0637.xml	11	604
surgery_clinical_trials_pubmed25n0638.xml	19	594
surgery_clinical_trials_pubmed25n0639.xml	22	636
surgery_clinical_trials_pubmed25n0640.xml	7	633
surgery_clinical_trials_pubmed25n0641.xml	24	557
surgery_clinical_trials_pubmed25n0642.xml	18	559
surgery_clinical_trials_pubmed25n0643.xml	19	721
surgery_clinical_trials_pubmed25n0644.xml	21	682
surgery_clinical_trials_pubmed25n0645.xml	6	143
surgery_clinical_trials_pubmed25n0646.xml	22	589
surgery_clinical_trials_pubmed25n0647.xml	31	699
surgery_clinical_trials_pubmed25n0648.xml	16	572
surgery_clinical_trials_pubmed25n0649.xml	13	676
surgery_clinical_trials_pubmed25n0650.xml	18	631
surgery_clinical_trials_pubmed25n0651.xml	18	612
surgery_clinical_trials_pubmed25n0652.xml	18	575
surgery_clinical_trials_pubmed25n0653.xml	6	299
surgery_clinical_trials_pubmed25n0654.xml	0	0
surgery_clinical_trials_pubmed25n0655.xml	13	281
surgery_clinical_trials_pubmed25n0656.xml	11	292
surgery_clinical_trials_pubmed25n0657.xml	11	545
surgery_clinical_trials_pubmed25n0658.xml	14	623
surgery_clinical_trials_pubmed25n0659.xml	13	657
surgery_clinical_trials_pubmed25n0660.xml	16	560
surgery_clinical_trials_pubmed25n0661.xml	10	565
surgery_clinical_trials_pubmed25n0662.xml	8	619
surgery_clinical_trials_pubmed25n0663.xml	18	649
surgery_clinical_trials_pubmed25n0664.xml	19	615
surgery_clinical_trials_pubmed25n0665.xml	22	769
surgery_clinical_trials_pubmed25n0666.xml	15	693
surgery_clinical_trials_pubmed25n0667.xml	19	612
surgery_clinical_trials_pubmed25n0668.xml	12	594
surgery_clinical_trials_pubmed25n0669.xml	2	117
surgery_clinical_trials_pubmed25n0670.xml	0	0
surgery_clinical_trials_pubmed25n0671.xml	24	595
surgery_clinical_trials_pubmed25n0672.xml	22	729
surgery_clinical_trials_pubmed25n0673.xml	18	625
surgery_clinical_trials_pubmed25n0674.xml	19	513
surgery_clinical_trials_pubmed25n0675.xml	18	653
surgery_clinical_trials_pubmed25n0676.xml	1	30
surgery_clinical_trials_pubmed25n0677.xml	9	271
surgery_clinical_trials_pubmed25n0678.xml	22	630
surgery_clinical_trials_pubmed25n0679.xml	21	639
surgery_clinical_trials_pubmed25n0680.xml	21	602
surgery_clinical_trials_pubmed25n0681.xml	21	653
surgery_clinical_trials_pubmed25n0682.xml	20	598
surgery_clinical_trials_pubmed25n0683.xml	24	594
surgery_clinical_trials_pubmed25n0684.xml	19	671
surgery_clinical_trials_pubmed25n0685.xml	26	686
surgery_clinical_trials_pubmed25n0686.xml	23	686
surgery_clinical_trials_pubmed25n0687.xml	30	767
surgery_clinical_trials_pubmed25n0688.xml	22	556
surgery_clinical_trials_pubmed25n0689.xml	14	641
surgery_clinical_trials_pubmed25n0691.xml	20	796
surgery_clinical_trials_pubmed25n0692.xml	13	708
surgery_clinical_trials_pubmed25n0693.xml	20	610
surgery_clinical_trials_pubmed25n0694.xml	22	436
surgery_clinical_trials_pubmed25n0695.xml	32	606
surgery_clinical_trials_pubmed25n0696.xml	21	535
surgery_clinical_trials_pubmed25n0697.xml	19	691
surgery_clinical_trials_pubmed25n0698.xml	16	559
surgery_clinical_trials_pubmed25n0699.xml	14	619
surgery_clinical_trials_pubmed25n0700.xml	10	728
surgery_clinical_trials_pubmed25n0701.xml	21	595
surgery_clinical_trials_pubmed25n0702.xml	17	664
surgery_clinical_trials_pubmed25n0703.xml	28	766
surgery_clinical_trials_pubmed25n0704.xml	17	611
surgery_clinical_trials_pubmed25n0705.xml	23	617
surgery_clinical_trials_pubmed25n0706.xml	25	712
surgery_clinical_trials_pubmed25n0707.xml	24	771
surgery_clinical_trials_pubmed25n0708.xml	23	734
surgery_clinical_trials_pubmed25n0709.xml	22	509
surgery_clinical_trials_pubmed25n0710.xml	21	715
surgery_clinical_trials_pubmed25n0711.xml	24	679
surgery_clinical_trials_pubmed25n0712.xml	21	635
surgery_clinical_trials_pubmed25n0713.xml	32	737
surgery_clinical_trials_pubmed25n0714.xml	20	599
surgery_clinical_trials_pubmed25n0715.xml	20	688
surgery_clinical_trials_pubmed25n0716.xml	16	640
surgery_clinical_trials_pubmed25n0717.xml	12	676
surgery_clinical_trials_pubmed25n0718.xml	22	633
surgery_clinical_trials_pubmed25n0719.xml	25	687
surgery_clinical_trials_pubmed25n0720.xml	15	661
surgery_clinical_trials_pubmed25n0721.xml	19	647
surgery_clinical_trials_pubmed25n0722.xml	21	646
surgery_clinical_trials_pubmed25n0723.xml	26	697
surgery_clinical_trials_pubmed25n0724.xml	28	715
surgery_clinical_trials_pubmed25n0725.xml	19	595
surgery_clinical_trials_pubmed25n0726.xml	7	598
surgery_clinical_trials_pubmed25n0727.xml	21	597
surgery_clinical_trials_pubmed25n0728.xml	23	723
surgery_clinical_trials_pubmed25n0729.xml	15	586
surgery_clinical_trials_pubmed25n0730.xml	19	698
surgery_clinical_trials_pubmed25n0731.xml	15	584
surgery_clinical_trials_pubmed25n0732.xml	21	659
surgery_clinical_trials_pubmed25n0733.xml	16	709
surgery_clinical_trials_pubmed25n0734.xml	21	550
surgery_clinical_trials_pubmed25n0735.xml	20	679
surgery_clinical_trials_pubmed25n0736.xml	24	609
surgery_clinical_trials_pubmed25n0737.xml	10	634
surgery_clinical_trials_pubmed25n0738.xml	18	621
surgery_clinical_trials_pubmed25n0739.xml	30	681
surgery_clinical_trials_pubmed25n0740.xml	17	692
surgery_clinical_trials_pubmed25n0741.xml	22	573
surgery_clinical_trials_pubmed25n0742.xml	16	634
surgery_clinical_trials_pubmed25n0743.xml	26	571
surgery_clinical_trials_pubmed25n0744.xml	16	715
surgery_clinical_trials_pubmed25n0745.xml	28	592
surgery_clinical_trials_pubmed25n0746.xml	20	595
surgery_clinical_trials_pubmed25n0747.xml	27	711
surgery_clinical_trials_pubmed25n0748.xml	17	651
surgery_clinical_trials_pubmed25n0749.xml	19	735
surgery_clinical_trials_pubmed25n0750.xml	23	723
surgery_clinical_trials_pubmed25n0751.xml	21	682
surgery_clinical_trials_pubmed25n0752.xml	38	664
surgery_clinical_trials_pubmed25n0753.xml	31	706
surgery_clinical_trials_pubmed25n0754.xml	16	654
surgery_clinical_trials_pubmed25n0755.xml	23	654
surgery_clinical_trials_pubmed25n0756.xml	19	686
surgery_clinical_trials_pubmed25n0757.xml	22	662
surgery_clinical_trials_pubmed25n0758.xml	12	594
surgery_clinical_trials_pubmed25n0759.xml	16	670
surgery_clinical_trials_pubmed25n0760.xml	21	607
surgery_clinical_trials_pubmed25n0761.xml	9	585
surgery_clinical_trials_pubmed25n0762.xml	24	724
surgery_clinical_trials_pubmed25n0763.xml	14	608
surgery_clinical_trials_pubmed25n0764.xml	22	641
surgery_clinical_trials_pubmed25n0765.xml	20	612
surgery_clinical_trials_pubmed25n0766.xml	17	569
surgery_clinical_trials_pubmed25n0767.xml	8	540
surgery_clinical_trials_pubmed25n0768.xml	16	639
surgery_clinical_trials_pubmed25n0769.xml	12	579
surgery_clinical_trials_pubmed25n0770.xml	26	643
surgery_clinical_trials_pubmed25n0771.xml	20	571
surgery_clinical_trials_pubmed25n0772.xml	13	686
surgery_clinical_trials_pubmed25n0773.xml	16	598
surgery_clinical_trials_pubmed25n0774.xml	16	493
surgery_clinical_trials_pubmed25n0775.xml	20	495
surgery_clinical_trials_pubmed25n0776.xml	19	516
surgery_clinical_trials_pubmed25n0777.xml	10	569
surgery_clinical_trials_pubmed25n0778.xml	9	639
surgery_clinical_trials_pubmed25n0779.xml	18	573
surgery_clinical_trials_pubmed25n0780.xml	20	562
surgery_clinical_trials_pubmed25n0781.xml	14	478
surgery_clinical_trials_pubmed25n0782.xml	15	591
surgery_clinical_trials_pubmed25n0783.xml	15	624
surgery_clinical_trials_pubmed25n0784.xml	13	593
surgery_clinical_trials_pubmed25n0785.xml	4	372
surgery_clinical_trials_pubmed25n0786.xml	15	594
surgery_clinical_trials_pubmed25n0787.xml	23	631
surgery_clinical_trials_pubmed25n0788.xml	20	610
surgery_clinical_trials_pubmed25n0789.xml	24	590
surgery_clinical_trials_pubmed25n0791.xml	20	616
surgery_clinical_trials_pubmed25n0792.xml	15	535
surgery_clinical_trials_pubmed25n0793.xml	24	626
surgery_clinical_trials_pubmed25n0794.xml	17	587
surgery_clinical_trials_pubmed25n0795.xml	14	608
surgery_clinical_trials_pubmed25n0796.xml	25	596
surgery_clinical_trials_pubmed25n0797.xml	8	515
surgery_clinical_trials_pubmed25n0798.xml	19	619
surgery_clinical_trials_pubmed25n0799.xml	10	580
surgery_clinical_trials_pubmed25n0800.xml	18	595
surgery_clinical_trials_pubmed25n0801.xml	22	585
surgery_clinical_trials_pubmed25n0802.xml	21	614
surgery_clinical_trials_pubmed25n0803.xml	16	604
surgery_clinical_trials_pubmed25n0804.xml	12	579
surgery_clinical_trials_pubmed25n0805.xml	9	560
surgery_clinical_trials_pubmed25n0806.xml	18	561
surgery_clinical_trials_pubmed25n0807.xml	12	621
surgery_clinical_trials_pubmed25n0808.xml	14	585
surgery_clinical_trials_pubmed25n0809.xml	14	482
surgery_clinical_trials_pubmed25n0810.xml	20	512
surgery_clinical_trials_pubmed25n0811.xml	22	562
surgery_clinical_trials_pubmed25n0812.xml	12	538
surgery_clinical_trials_pubmed25n0813.xml	28	736
surgery_clinical_trials_pubmed25n0814.xml	19	505
surgery_clinical_trials_pubmed25n0815.xml	12	564
surgery_clinical_trials_pubmed25n0816.xml	18	602
surgery_clinical_trials_pubmed25n0817.xml	11	574
surgery_clinical_trials_pubmed25n0818.xml	14	559
surgery_clinical_trials_pubmed25n0819.xml	15	613
surgery_clinical_trials_pubmed25n0820.xml	10	582
surgery_clinical_trials_pubmed25n0821.xml	12	561
surgery_clinical_trials_pubmed25n0822.xml	10	553
surgery_clinical_trials_pubmed25n0823.xml	25	622
surgery_clinical_trials_pubmed25n0824.xml	18	580
surgery_clinical_trials_pubmed25n0825.xml	18	594
surgery_clinical_trials_pubmed25n0826.xml	12	535
surgery_clinical_trials_pubmed25n0827.xml	17	657
surgery_clinical_trials_pubmed25n0828.xml	14	645
surgery_clinical_trials_pubmed25n0829.xml	10	542
surgery_clinical_trials_pubmed25n0830.xml	9	592
surgery_clinical_trials_pubmed25n0831.xml	16	636
surgery_clinical_trials_pubmed25n0832.xml	11	509
surgery_clinical_trials_pubmed25n0833.xml	14	563
surgery_clinical_trials_pubmed25n0834.xml	18	572
surgery_clinical_trials_pubmed25n0835.xml	16	607
surgery_clinical_trials_pubmed25n0836.xml	20	540
surgery_clinical_trials_pubmed25n0837.xml	23	662
surgery_clinical_trials_pubmed25n0838.xml	18	610
surgery_clinical_trials_pubmed25n0839.xml	17	555
surgery_clinical_trials_pubmed25n0840.xml	11	577
surgery_clinical_trials_pubmed25n0841.xml	14	568
surgery_clinical_trials_pubmed25n0842.xml	5	563
surgery_clinical_trials_pubmed25n0843.xml	15	521
surgery_clinical_trials_pubmed25n0844.xml	23	548
surgery_clinical_trials_pubmed25n0845.xml	11	548
surgery_clinical_trials_pubmed25n0846.xml	20	585
surgery_clinical_trials_pubmed25n0847.xml	14	564
surgery_clinical_trials_pubmed25n0848.xml	15	515
surgery_clinical_trials_pubmed25n0849.xml	7	563
surgery_clinical_trials_pubmed25n0850.xml	12	456
surgery_clinical_trials_pubmed25n0851.xml	8	511
surgery_clinical_trials_pubmed25n0852.xml	18	616
surgery_clinical_trials_pubmed25n0853.xml	12	566
surgery_clinical_trials_pubmed25n0854.xml	19	555
surgery_clinical_trials_pubmed25n0855.xml	16	583
surgery_clinical_trials_pubmed25n0856.xml	18	500
surgery_clinical_trials_pubmed25n0857.xml	15	558
surgery_clinical_trials_pubmed25n0858.xml	15	601
surgery_clinical_trials_pubmed25n0859.xml	18	574
surgery_clinical_trials_pubmed25n0860.xml	13	542
surgery_clinical_trials_pubmed25n0861.xml	24	562
surgery_clinical_trials_pubmed25n0862.xml	11	574
surgery_clinical_trials_pubmed25n0863.xml	12	556
surgery_clinical_trials_pubmed25n0864.xml	14	543
surgery_clinical_trials_pubmed25n0865.xml	13	532
surgery_clinical_trials_pubmed25n0866.xml	12	530
surgery_clinical_trials_pubmed25n0867.xml	20	525
surgery_clinical_trials_pubmed25n0868.xml	17	483
surgery_clinical_trials_pubmed25n0869.xml	9	472
surgery_clinical_trials_pubmed25n0870.xml	15	545
surgery_clinical_trials_pubmed25n0871.xml	11	505
surgery_clinical_trials_pubmed25n0872.xml	20	555
surgery_clinical_trials_pubmed25n0873.xml	14	494
surgery_clinical_trials_pubmed25n0874.xml	16	437
surgery_clinical_trials_pubmed25n0875.xml	21	499
surgery_clinical_trials_pubmed25n0876.xml	20	519
surgery_clinical_trials_pubmed25n0877.xml	30	636
surgery_clinical_trials_pubmed25n0878.xml	13	541
surgery_clinical_trials_pubmed25n0879.xml	17	565
surgery_clinical_trials_pubmed25n0880.xml	16	539
surgery_clinical_trials_pubmed25n0881.xml	15	530
surgery_clinical_trials_pubmed25n0882.xml	14	527
surgery_clinical_trials_pubmed25n0883.xml	6	437
surgery_clinical_trials_pubmed25n0884.xml	13	522
surgery_clinical_trials_pubmed25n0886.xml	11	508
surgery_clinical_trials_pubmed25n0887.xml	13	627
surgery_clinical_trials_pubmed25n0888.xml	15	534
surgery_clinical_trials_pubmed25n0889.xml	12	528
surgery_clinical_trials_pubmed25n0890.xml	9	516
surgery_clinical_trials_pubmed25n0891.xml	14	648
surgery_clinical_trials_pubmed25n0892.xml	14	520
surgery_clinical_trials_pubmed25n0893.xml	13	525
surgery_clinical_trials_pubmed25n0894.xml	14	462
surgery_clinical_trials_pubmed25n0895.xml	13	520
surgery_clinical_trials_pubmed25n0896.xml	16	553
surgery_clinical_trials_pubmed25n0897.xml	7	597
surgery_clinical_trials_pubmed25n0898.xml	11	525
surgery_clinical_trials_pubmed25n0899.xml	11	425
surgery_clinical_trials_pubmed25n0900.xml	11	566
surgery_clinical_trials_pubmed25n0901.xml	10	475
surgery_clinical_trials_pubmed25n0902.xml	13	542
surgery_clinical_trials_pubmed25n0903.xml	12	581
surgery_clinical_trials_pubmed25n0904.xml	11	597
surgery_clinical_trials_pubmed25n0905.xml	14	558
surgery_clinical_trials_pubmed25n0906.xml	11	458
surgery_clinical_trials_pubmed25n0907.xml	16	535
surgery_clinical_trials_pubmed25n0908.xml	7	476
surgery_clinical_trials_pubmed25n0909.xml	11	576
surgery_clinical_trials_pubmed25n0910.xml	14	576
surgery_clinical_trials_pubmed25n0911.xml	9	533
surgery_clinical_trials_pubmed25n0912.xml	7	567
surgery_clinical_trials_pubmed25n0913.xml	21	574
surgery_clinical_trials_pubmed25n0914.xml	17	490
surgery_clinical_trials_pubmed25n0915.xml	11	477
surgery_clinical_trials_pubmed25n0916.xml	8	523
surgery_clinical_trials_pubmed25n0917.xml	8	539
surgery_clinical_trials_pubmed25n0918.xml	8	471
surgery_clinical_trials_pubmed25n0919.xml	15	428
surgery_clinical_trials_pubmed25n0920.xml	8	504
surgery_clinical_trials_pubmed25n0921.xml	12	612
surgery_clinical_trials_pubmed25n0922.xml	5	163
surgery_clinical_trials_pubmed25n0923.xml	16	561
surgery_clinical_trials_pubmed25n0924.xml	20	534
surgery_clinical_trials_pubmed25n0925.xml	8	502
surgery_clinical_trials_pubmed25n0926.xml	18	578
surgery_clinical_trials_pubmed25n0927.xml	11	521
surgery_clinical_trials_pubmed25n0928.xml	14	554
surgery_clinical_trials_pubmed25n0929.xml	13	520
surgery_clinical_trials_pubmed25n0930.xml	13	509
surgery_clinical_trials_pubmed25n0931.xml	19	567
surgery_clinical_trials_pubmed25n0932.xml	11	507
surgery_clinical_trials_pubmed25n0933.xml	14	518
surgery_clinical_trials_pubmed25n0934.xml	11	504
surgery_clinical_trials_pubmed25n0935.xml	15	553
surgery_clinical_trials_pubmed25n0936.xml	20	520
surgery_clinical_trials_pubmed25n0937.xml	11	525
surgery_clinical_trials_pubmed25n0938.xml	25	550
surgery_clinical_trials_pubmed25n0939.xml	10	543
surgery_clinical_trials_pubmed25n0940.xml	11	555
surgery_clinical_trials_pubmed25n0941.xml	12	482
surgery_clinical_trials_pubmed25n0942.xml	9	464
surgery_clinical_trials_pubmed25n0943.xml	15	510
surgery_clinical_trials_pubmed25n0944.xml	14	520
surgery_clinical_trials_pubmed25n0945.xml	13	492
surgery_clinical_trials_pubmed25n0946.xml	17	492
surgery_clinical_trials_pubmed25n0947.xml	20	573
surgery_clinical_trials_pubmed25n0948.xml	9	285
surgery_clinical_trials_pubmed25n0949.xml	7	232
surgery_clinical_trials_pubmed25n0950.xml	11	455
surgery_clinical_trials_pubmed25n0951.xml	12	492
surgery_clinical_trials_pubmed25n0952.xml	15	531
surgery_clinical_trials_pubmed25n0953.xml	13	487
surgery_clinical_trials_pubmed25n0954.xml	13	454
surgery_clinical_trials_pubmed25n0955.xml	11	488
surgery_clinical_trials_pubmed25n0956.xml	12	552
surgery_clinical_trials_pubmed25n0957.xml	20	543
surgery_clinical_trials_pubmed25n0958.xml	13	490
surgery_clinical_trials_pubmed25n0959.xml	7	410
surgery_clinical_trials_pubmed25n0960.xml	19	494
surgery_clinical_trials_pubmed25n0961.xml	18	540
surgery_clinical_trials_pubmed25n0962.xml	13	516
surgery_clinical_trials_pubmed25n0963.xml	13	529
surgery_clinical_trials_pubmed25n0964.xml	21	569
surgery_clinical_trials_pubmed25n0965.xml	16	506
surgery_clinical_trials_pubmed25n0966.xml	16	477
surgery_clinical_trials_pubmed25n0967.xml	8	453
surgery_clinical_trials_pubmed25n0968.xml	14	403
surgery_clinical_trials_pubmed25n0969.xml	18	523
surgery_clinical_trials_pubmed25n0970.xml	18	465
surgery_clinical_trials_pubmed25n0971.xml	9	468
surgery_clinical_trials_pubmed25n0972.xml	9	501
surgery_clinical_trials_pubmed25n0973.xml	8	526
surgery_clinical_trials_pubmed25n0974.xml	19	522
surgery_clinical_trials_pubmed25n0975.xml	13	549
surgery_clinical_trials_pubmed25n0976.xml	12	512
surgery_clinical_trials_pubmed25n0977.xml	13	518
surgery_clinical_trials_pubmed25n0978.xml	18	537
surgery_clinical_trials_pubmed25n0979.xml	9	407
surgery_clinical_trials_pubmed25n0980.xml	22	507
surgery_clinical_trials_pubmed25n0981.xml	13	504
surgery_clinical_trials_pubmed25n0982.xml	12	546
surgery_clinical_trials_pubmed25n0983.xml	17	556
surgery_clinical_trials_pubmed25n0984.xml	20	558
surgery_clinical_trials_pubmed25n0986.xml	12	441
surgery_clinical_trials_pubmed25n0987.xml	11	492
surgery_clinical_trials_pubmed25n0988.xml	16	508
surgery_clinical_trials_pubmed25n0989.xml	10	528
surgery_clinical_trials_pubmed25n0990.xml	14	500
surgery_clinical_trials_pubmed25n0991.xml	24	560
surgery_clinical_trials_pubmed25n0992.xml	17	536
surgery_clinical_trials_pubmed25n0993.xml	12	515
surgery_clinical_trials_pubmed25n0994.xml	19	474
surgery_clinical_trials_pubmed25n0995.xml	15	472
surgery_clinical_trials_pubmed25n0996.xml	13	572
surgery_clinical_trials_pubmed25n0997.xml	16	519
surgery_clinical_trials_pubmed25n0998.xml	9	552
surgery_clinical_trials_pubmed25n0999.xml	8	474
surgery_clinical_trials_pubmed25n1000.xml	16	514
surgery_clinical_trials_pubmed25n1001.xml	10	467
surgery_clinical_trials_pubmed25n1002.xml	14	485
surgery_clinical_trials_pubmed25n1003.xml	16	486
surgery_clinical_trials_pubmed25n1004.xml	18	489
surgery_clinical_trials_pubmed25n1005.xml	13	517
surgery_clinical_trials_pubmed25n1006.xml	14	536
surgery_clinical_trials_pubmed25n1007.xml	14	518
surgery_clinical_trials_pubmed25n1008.xml	12	532
surgery_clinical_trials_pubmed25n1009.xml	11	445
surgery_clinical_trials_pubmed25n1011.xml	17	559
surgery_clinical_trials_pubmed25n1012.xml	10	490
surgery_clinical_trials_pubmed25n1013.xml	10	489
surgery_clinical_trials_pubmed25n1014.xml	19	494
surgery_clinical_trials_pubmed25n1015.xml	8	482
surgery_clinical_trials_pubmed25n1016.xml	8	431
surgery_clinical_trials_pubmed25n1017.xml	12	470
surgery_clinical_trials_pubmed25n1018.xml	9	424
surgery_clinical_trials_pubmed25n1019.xml	5	482
surgery_clinical_trials_pubmed25n1020.xml	10	438
surgery_clinical_trials_pubmed25n1021.xml	7	443
surgery_clinical_trials_pubmed25n1022.xml	13	450
surgery_clinical_trials_pubmed25n1023.xml	13	443
surgery_clinical_trials_pubmed25n1024.xml	8	455
surgery_clinical_trials_pubmed25n1025.xml	10	509
surgery_clinical_trials_pubmed25n1026.xml	12	439
surgery_clinical_trials_pubmed25n1027.xml	12	356
surgery_clinical_trials_pubmed25n1028.xml	7	374
surgery_clinical_trials_pubmed25n1029.xml	13	409
surgery_clinical_trials_pubmed25n1030.xml	15	438
surgery_clinical_trials_pubmed25n1031.xml	13	451
surgery_clinical_trials_pubmed25n1032.xml	11	395
surgery_clinical_trials_pubmed25n1033.xml	5	416
surgery_clinical_trials_pubmed25n1034.xml	16	467
surgery_clinical_trials_pubmed25n1035.xml	11	423
surgery_clinical_trials_pubmed25n1036.xml	12	393
surgery_clinical_trials_pubmed25n1037.xml	8	456
surgery_clinical_trials_pubmed25n1038.xml	7	420
surgery_clinical_trials_pubmed25n1039.xml	12	384
surgery_clinical_trials_pubmed25n1040.xml	10	397
surgery_clinical_trials_pubmed25n1041.xml	17	476
surgery_clinical_trials_pubmed25n1042.xml	12	436
surgery_clinical_trials_pubmed25n1043.xml	21	463
surgery_clinical_trials_pubmed25n1044.xml	13	403
surgery_clinical_trials_pubmed25n1045.xml	6	382
surgery_clinical_trials_pubmed25n1046.xml	12	368
surgery_clinical_trials_pubmed25n1047.xml	8	444
surgery_clinical_trials_pubmed25n1048.xml	9	441
surgery_clinical_trials_pubmed25n1049.xml	4	400
surgery_clinical_trials_pubmed25n1050.xml	10	438
surgery_clinical_trials_pubmed25n1051.xml	10	379
surgery_clinical_trials_pubmed25n1052.xml	8	359
surgery_clinical_trials_pubmed25n1053.xml	11	478
surgery_clinical_trials_pubmed25n1054.xml	13	410
surgery_clinical_trials_pubmed25n1055.xml	8	371
surgery_clinical_trials_pubmed25n1056.xml	12	347
surgery_clinical_trials_pubmed25n1057.xml	13	399
surgery_clinical_trials_pubmed25n1058.xml	9	350
surgery_clinical_trials_pubmed25n1059.xml	13	414
surgery_clinical_trials_pubmed25n1060.xml	7	377
surgery_clinical_trials_pubmed25n1062.xml	5	330
surgery_clinical_trials_pubmed25n1063.xml	8	392
surgery_clinical_trials_pubmed25n1064.xml	10	329
surgery_clinical_trials_pubmed25n1065.xml	7	377
surgery_clinical_trials_pubmed25n1066.xml	10	343
surgery_clinical_trials_pubmed25n1067.xml	10	325
surgery_clinical_trials_pubmed25n1068.xml	6	352
surgery_clinical_trials_pubmed25n1069.xml	3	348
surgery_clinical_trials_pubmed25n1070.xml	11	395
surgery_clinical_trials_pubmed25n1071.xml	8	377
surgery_clinical_trials_pubmed25n1072.xml	10	434
surgery_clinical_trials_pubmed25n1074.xml	6	230
surgery_clinical_trials_pubmed25n1075.xml	3	313
surgery_clinical_trials_pubmed25n1076.xml	6	369
surgery_clinical_trials_pubmed25n1077.xml	8	352
surgery_clinical_trials_pubmed25n1078.xml	4	238
surgery_clinical_trials_pubmed25n1079.xml	12	396
surgery_clinical_trials_pubmed25n1080.xml	3	344
surgery_clinical_trials_pubmed25n1081.xml	10	397
surgery_clinical_trials_pubmed25n1082.xml	5	237
surgery_clinical_trials_pubmed25n1083.xml	7	319
surgery_clinical_trials_pubmed25n1084.xml	8	343
surgery_clinical_trials_pubmed25n1085.xml	9	374
surgery_clinical_trials_pubmed25n1086.xml	9	296
surgery_clinical_trials_pubmed25n1087.xml	5	290
surgery_clinical_trials_pubmed25n1088.xml	2	327
surgery_clinical_trials_pubmed25n1089.xml	7	341
surgery_clinical_trials_pubmed25n1090.xml	4	331
surgery_clinical_trials_pubmed25n1091.xml	6	220
surgery_clinical_trials_pubmed25n1092.xml	8	328
surgery_clinical_trials_pubmed25n1093.xml	7	318
surgery_clinical_trials_pubmed25n1094.xml	3	288
surgery_clinical_trials_pubmed25n1095.xml	6	350
surgery_clinical_trials_pubmed25n1096.xml	7	281
surgery_clinical_trials_pubmed25n1097.xml	8	300
surgery_clinical_trials_pubmed25n1098.xml	8	333
surgery_clinical_trials_pubmed25n1099.xml	6	224
surgery_clinical_trials_pubmed25n1100.xml	5	294
surgery_clinical_trials_pubmed25n1101.xml	5	279
surgery_clinical_trials_pubmed25n1102.xml	5	317
surgery_clinical_trials_pubmed25n1103.xml	8	245
surgery_clinical_trials_pubmed25n1104.xml	12	316
surgery_clinical_trials_pubmed25n1105.xml	3	271
surgery_clinical_trials_pubmed25n1106.xml	4	294
surgery_clinical_trials_pubmed25n1107.xml	7	255
surgery_clinical_trials_pubmed25n1108.xml	10	286
surgery_clinical_trials_pubmed25n1109.xml	4	279
surgery_clinical_trials_pubmed25n1111.xml	10	245
surgery_clinical_trials_pubmed25n1112.xml	4	257
surgery_clinical_trials_pubmed25n1113.xml	7	222
surgery_clinical_trials_pubmed25n1114.xml	3	254
surgery_clinical_trials_pubmed25n1115.xml	3	220
surgery_clinical_trials_pubmed25n1116.xml	8	270
surgery_clinical_trials_pubmed25n1117.xml	7	267
surgery_clinical_trials_pubmed25n1118.xml	6	227
surgery_clinical_trials_pubmed25n1119.xml	6	205
surgery_clinical_trials_pubmed25n1120.xml	7	319
surgery_clinical_trials_pubmed25n1121.xml	8	232
surgery_clinical_trials_pubmed25n1122.xml	5	222
surgery_clinical_trials_pubmed25n1123.xml	9	295
surgery_clinical_trials_pubmed25n1124.xml	2	192
surgery_clinical_trials_pubmed25n1125.xml	4	275
surgery_clinical_trials_pubmed25n1126.xml	8	236
surgery_clinical_trials_pubmed25n1127.xml	4	273
surgery_clinical_trials_pubmed25n1128.xml	3	216
surgery_clinical_trials_pubmed25n1129.xml	6	212
surgery_clinical_trials_pubmed25n1130.xml	7	232
surgery_clinical_trials_pubmed25n1131.xml	5	214
surgery_clinical_trials_pubmed25n1132.xml	3	177
surgery_clinical_trials_pubmed25n1133.xml	0	217
surgery_clinical_trials_pubmed25n1134.xml	6	202
surgery_clinical_trials_pubmed25n1135.xml	7	187
surgery_clinical_trials_pubmed25n1136.xml	5	210
surgery_clinical_trials_pubmed25n1137.xml	2	248
surgery_clinical_trials_pubmed25n1138.xml	4	202
surgery_clinical_trials_pubmed25n1139.xml	2	204
surgery_clinical_trials_pubmed25n1140.xml	6	254
surgery_clinical_trials_pubmed25n1141.xml	4	196
surgery_clinical_trials_pubmed25n1142.xml	5	263
surgery_clinical_trials_pubmed25n1143.xml	4	254
surgery_clinical_trials_pubmed25n1144.xml	7	202
surgery_clinical_trials_pubmed25n1145.xml	11	269
surgery_clinical_trials_pubmed25n1146.xml	5	179
surgery_clinical_trials_pubmed25n1147.xml	3	254
surgery_clinical_trials_pubmed25n1148.xml	8	228
surgery_clinical_trials_pubmed25n1149.xml	4	267
surgery_clinical_trials_pubmed25n1150.xml	1	209
surgery_clinical_trials_pubmed25n1151.xml	3	176
surgery_clinical_trials_pubmed25n1152.xml	3	248
surgery_clinical_trials_pubmed25n1153.xml	10	248
surgery_clinical_trials_pubmed25n1154.xml	6	226
surgery_clinical_trials_pubmed25n1155.xml	10	183
surgery_clinical_trials_pubmed25n1156.xml	8	223
surgery_clinical_trials_pubmed25n1157.xml	6	242
surgery_clinical_trials_pubmed25n1158.xml	5	178
surgery_clinical_trials_pubmed25n1159.xml	3	209
surgery_clinical_trials_pubmed25n1160.xml	3	204
surgery_clinical_trials_pubmed25n1162.xml	4	218
surgery_clinical_trials_pubmed25n1163.xml	0	203
surgery_clinical_trials_pubmed25n1164.xml	4	178
surgery_clinical_trials_pubmed25n1165.xml	2	277
surgery_clinical_trials_pubmed25n1166.xml	6	145
surgery_clinical_trials_pubmed25n1167.xml	8	289
surgery_clinical_trials_pubmed25n1168.xml	7	188
surgery_clinical_trials_pubmed25n1169.xml	5	234
surgery_clinical_trials_pubmed25n1170.xml	6	225
surgery_clinical_trials_pubmed25n1171.xml	4	273
surgery_clinical_trials_pubmed25n1172.xml	2	110
surgery_clinical_trials_pubmed25n1174.xml	7	335
surgery_clinical_trials_pubmed25n1175.xml	3	196
surgery_clinical_trials_pubmed25n1176.xml	5	304
surgery_clinical_trials_pubmed25n1177.xml	3	153
surgery_clinical_trials_pubmed25n1178.xml	8	248
surgery_clinical_trials_pubmed25n1179.xml	5	209
surgery_clinical_trials_pubmed25n1180.xml	8	260
surgery_clinical_trials_pubmed25n1181.xml	4	229
surgery_clinical_trials_pubmed25n1182.xml	3	221
surgery_clinical_trials_pubmed25n1183.xml	4	258
surgery_clinical_trials_pubmed25n1184.xml	2	234
surgery_clinical_trials_pubmed25n1185.xml	11	306
surgery_clinical_trials_pubmed25n1186.xml	6	193
surgery_clinical_trials_pubmed25n1187.xml	6	229
surgery_clinical_trials_pubmed25n1188.xml	3	251
surgery_clinical_trials_pubmed25n1189.xml	5	238
surgery_clinical_trials_pubmed25n1190.xml	4	246
surgery_clinical_trials_pubmed25n1191.xml	4	221
surgery_clinical_trials_pubmed25n1192.xml	5	247
surgery_clinical_trials_pubmed25n1193.xml	8	221
surgery_clinical_trials_pubmed25n1194.xml	9	319
surgery_clinical_trials_pubmed25n1195.xml	4	172
surgery_clinical_trials_pubmed25n1196.xml	4	246
surgery_clinical_trials_pubmed25n1197.xml	2	196
surgery_clinical_trials_pubmed25n1198.xml	8	289
surgery_clinical_trials_pubmed25n1199.xml	1	219
surgery_clinical_trials_pubmed25n1200.xml	6	207
surgery_clinical_trials_pubmed25n1201.xml	8	238
surgery_clinical_trials_pubmed25n1202.xml	6	239
surgery_clinical_trials_pubmed25n1203.xml	2	190
surgery_clinical_trials_pubmed25n1204.xml	6	263
surgery_clinical_trials_pubmed25n1205.xml	3	195
surgery_clinical_trials_pubmed25n1206.xml	6	276
surgery_clinical_trials_pubmed25n1207.xml	6	263
surgery_clinical_trials_pubmed25n1208.xml	5	204
surgery_clinical_trials_pubmed25n1209.xml	8	256
surgery_clinical_trials_pubmed25n1210.xml	5	234
surgery_clinical_trials_pubmed25n1211.xml	4	282
surgery_clinical_trials_pubmed25n1212.xml	10	249
surgery_clinical_trials_pubmed25n1213.xml	7	311
surgery_clinical_trials_pubmed25n1214.xml	8	233
surgery_clinical_trials_pubmed25n1215.xml	10	336
surgery_clinical_trials_pubmed25n1216.xml	8	188
surgery_clinical_trials_pubmed25n1217.xml	5	271
surgery_clinical_trials_pubmed25n1218.xml	5	245
surgery_clinical_trials_pubmed25n1219.xml	6	235
surgery_clinical_trials_pubmed25n1220.xml	3	268
surgery_clinical_trials_pubmed25n1221.xml	3	306
surgery_clinical_trials_pubmed25n1222.xml	9	223
surgery_clinical_trials_pubmed25n1223.xml	21	336
surgery_clinical_trials_pubmed25n1224.xml	6	243
surgery_clinical_trials_pubmed25n1225.xml	7	304
surgery_clinical_trials_pubmed25n1226.xml	11	337
surgery_clinical_trials_pubmed25n1227.xml	15	339
surgery_clinical_trials_pubmed25n1228.xml	12	332
surgery_clinical_trials_pubmed25n1229.xml	9	307
surgery_clinical_trials_pubmed25n1230.xml	10	384
surgery_clinical_trials_pubmed25n1231.xml	12	328
surgery_clinical_trials_pubmed25n1232.xml	18	448
surgery_clinical_trials_pubmed25n1233.xml	10	344
surgery_clinical_trials_pubmed25n1234.xml	18	405
surgery_clinical_trials_pubmed25n1235.xml	8	435
surgery_clinical_trials_pubmed25n1236.xml	13	390
surgery_clinical_trials_pubmed25n1237.xml	19	494
surgery_clinical_trials_pubmed25n1238.xml	19	457
surgery_clinical_trials_pubmed25n1239.xml	28	538
surgery_clinical_trials_pubmed25n1240.xml	27	484
surgery_clinical_trials_pubmed25n1241.xml	15	469
surgery_clinical_trials_pubmed25n1242.xml	21	515
surgery_clinical_trials_pubmed25n1243.xml	19	492
surgery_clinical_trials_pubmed25n1244.xml	21	478
surgery_clinical_trials_pubmed25n1245.xml	18	440
surgery_clinical_trials_pubmed25n1246.xml	24	410
surgery_clinical_trials_pubmed25n1247.xml	23	480
surgery_clinical_trials_pubmed25n1248.xml	13	441
surgery_clinical_trials_pubmed25n1249.xml	17	435
surgery_clinical_trials_pubmed25n1250.xml	17	339
surgery_clinical_trials_pubmed25n1251.xml	18	439
surgery_clinical_trials_pubmed25n1252.xml	23	421
surgery_clinical_trials_pubmed25n1253.xml	23	405
surgery_clinical_trials_pubmed25n1254.xml	26	422
surgery_clinical_trials_pubmed25n1255.xml	12	350
surgery_clinical_trials_pubmed25n1256.xml	12	413
surgery_clinical_trials_pubmed25n1257.xml	21	365
surgery_clinical_trials_pubmed25n1258.xml	19	365
surgery_clinical_trials_pubmed25n1259.xml	14	312
surgery_clinical_trials_pubmed25n1260.xml	24	391
surgery_clinical_trials_pubmed25n1261.xml	18	315
surgery_clinical_trials_pubmed25n1262.xml	15	307
surgery_clinical_trials_pubmed25n1263.xml	13	270
surgery_clinical_trials_pubmed25n1264.xml	14	329
surgery_clinical_trials_pubmed25n1265.xml	13	243
surgery_clinical_trials_pubmed25n1266.xml	16	306
surgery_clinical_trials_pubmed25n1267.xml	11	215
surgery_clinical_trials_pubmed25n1268.xml	7	229
surgery_clinical_trials_pubmed25n1269.xml	14	206
surgery_clinical_trials_pubmed25n1270.xml	9	152
surgery_clinical_trials_pubmed25n1271.xml	5	200
surgery_clinical_trials_pubmed25n1272.xml	8	198
surgery_clinical_trials_pubmed25n1273.xml	10	204
surgery_clinical_trials_pubmed25n1274.xml	5	70
surgery_clinical_trials_pubmed25n1275.xml	24	565
surgery_clinical_trials_pubmed25n1276.xml	1	42
surgery_clinical_trials_pubmed25n1277.xml	19	276
surgery_clinical_trials_pubmed25n1278.xml	1	124
surgery_clinical_trials_pubmed25n1279.xml	1	215
surgery_clinical_trials_pubmed25n1280.xml	19	279
surgery_clinical_trials_pubmed25n1281.xml	5	333
surgery_clinical_trials_pubmed25n1282.xml	11	393
surgery_clinical_trials_pubmed25n1283.xml	1	52
surgery_clinical_trials_pubmed25n1284.xml	11	199
surgery_clinical_trials_pubmed25n1285.xml	2	170
surgery_clinical_trials_pubmed25n1286.xml	4	52
surgery_clinical_trials_pubmed25n1287.xml	11	351
surgery_clinical_trials_pubmed25n1288.xml	4	310
surgery_clinical_trials_pubmed25n1289.xml	9	312
surgery_clinical_trials_pubmed25n1290.xml	8	273
surgery_clinical_trials_pubmed25n1291.xml	5	173
surgery_clinical_trials_pubmed25n1292.xml	4	120
surgery_clinical_trials_pubmed25n1293.xml	4	220
surgery_clinical_trials_pubmed25n1294.xml	12	283
surgery_clinical_trials_pubmed25n1295.xml	14	554
surgery_clinical_trials_pubmed25n1296.xml	2	28
surgery_clinical_trials_pubmed25n1297.xml	3	197
surgery_clinical_trials_pubmed25n1298.xml	5	231
surgery_clinical_trials_pubmed25n1299.xml	9	358
surgery_clinical_trials_pubmed25n1300.xml	11	248
surgery_clinical_trials_pubmed25n1301.xml	6	179
surgery_clinical_trials_pubmed25n1302.xml	12	292
surgery_clinical_trials_pubmed25n1303.xml	10	397
surgery_clinical_trials_pubmed25n1304.xml	6	314
surgery_clinical_trials_pubmed25n1305.xml	3	256
surgery_clinical_trials_pubmed25n1306.xml	1	241
surgery_clinical_trials_pubmed25n1307.xml	5	163
surgery_clinical_trials_pubmed25n1308.xml	5	80
surgery_clinical_trials_pubmed25n1309.xml	5	155
surgery_clinical_trials_pubmed25n1310.xml	11	247
surgery_clinical_trials_pubmed25n1311.xml	11	235
surgery_clinical_trials_pubmed25n1312.xml	14	272
surgery_clinical_trials_pubmed25n1313.xml	6	350
surgery_clinical_trials_pubmed25n1314.xml	1	35
surgery_clinical_trials_pubmed25n1315.xml	2	125
surgery_clinical_trials_pubmed25n1316.xml	4	114
surgery_clinical_trials_pubmed25n1317.xml	2	76
surgery_clinical_trials_pubmed25n1318.xml	8	148
surgery_clinical_trials_pubmed25n1319.xml	9	235
surgery_clinical_trials_pubmed25n1320.xml	11	243
surgery_clinical_trials_pubmed25n1321.xml	10	160
surgery_clinical_trials_pubmed25n1322.xml	5	219
surgery_clinical_trials_pubmed25n1323.xml	5	185
surgery_clinical_trials_pubmed25n1324.xml	1	148
surgery_clinical_trials_pubmed25n1325.xml	7	229
surgery_clinical_trials_pubmed25n1326.xml	4	202
surgery_clinical_trials_pubmed25n1327.xml	4	194
surgery_clinical_trials_pubmed25n1328.xml	6	186
surgery_clinical_trials_pubmed25n1329.xml	10	185
surgery_clinical_trials_pubmed25n1330.xml	14	199
surgery_clinical_trials_pubmed25n1331.xml	11	190
surgery_clinical_trials_pubmed25n1332.xml	10	269
surgery_clinical_trials_pubmed25n1333.xml	19	297
surgery_clinical_trials_pubmed25n1334.xml	24	280
surgery_clinical_trials_pubmed25n1335.xml	0	10
surgery_clinical_trials_pubmed25n1336.xml	10	228
surgery_clinical_trials_pubmed25n1337.xml	11	224
surgery_clinical_trials_pubmed25n1338.xml	2	64
surgery_clinical_trials_pubmed25n1339.xml	7	247
surgery_clinical_trials_pubmed25n1340.xml	2	212
surgery_clinical_trials_pubmed25n1341.xml	6	220
surgery_clinical_trials_pubmed25n1342.xml	9	271
surgery_clinical_trials_pubmed25n1343.xml	6	290
surgery_clinical_trials_pubmed25n1344.xml	4	207
surgery_clinical_trials_pubmed25n1345.xml	5	137
surgery_clinical_trials_pubmed25n1346.xml	4	124
surgery_clinical_trials_pubmed25n1347.xml	12	293
surgery_clinical_trials_pubmed25n1348.xml	9	257
surgery_clinical_trials_pubmed25n1349.xml	8	266
surgery_clinical_trials_pubmed25n1350.xml	9	236
surgery_clinical_trials_pubmed25n1351.xml	3	156
surgery_clinical_trials_pubmed25n1352.xml	0	78
surgery_clinical_trials_pubmed25n1353.xml	4	215
surgery_clinical_trials_pubmed25n1354.xml	18	283
surgery_clinical_trials_pubmed25n1355.xml	13	274
surgery_clinical_trials_pubmed25n1356.xml	13	295
surgery_clinical_trials_pubmed25n1357.xml	13	218
surgery_clinical_trials_pubmed25n1358.xml	14	206
surgery_clinical_trials_pubmed25n1359.xml	0	75
surgery_clinical_trials_pubmed25n1360.xml	7	191
surgery_clinical_trials_pubmed25n1361.xml	9	227
surgery_clinical_trials_pubmed25n1362.xml	15	318
surgery_clinical_trials_pubmed25n1363.xml	7	207
surgery_clinical_trials_pubmed25n1364.xml	17	300
surgery_clinical_trials_pubmed25n1365.xml	10	150
surgery_clinical_trials_pubmed25n1366.xml	4	129
surgery_clinical_trials_pubmed25n1367.xml	9	201
surgery_clinical_trials_pubmed25n1368.xml	8	170
surgery_clinical_trials_pubmed25n1369.xml	9	340
surgery_clinical_trials_pubmed25n1370.xml	4	296
surgery_clinical_trials_pubmed25n1371.xml	4	233
surgery_clinical_trials_pubmed25n1372.xml	10	135
surgery_clinical_trials_pubmed25n1373.xml	7	140
surgery_clinical_trials_pubmed25n1374.xml	5	129
surgery_clinical_trials_pubmed25n1375.xml	5	280
surgery_clinical_trials_pubmed25n1376.xml	17	325
surgery_clinical_trials_pubmed25n1377.xml	11	363
surgery_clinical_trials_pubmed25n1378.xml	9	312
surgery_clinical_trials_pubmed25n1379.xml	5	144
surgery_clinical_trials_pubmed25n1380.xml	2	63
surgery_clinical_trials_pubmed25n1381.xml	8	214
surgery_clinical_trials_pubmed25n1382.xml	12	405
surgery_clinical_trials_pubmed25n1383.xml	20	656
surgery_clinical_trials_pubmed25n1384.xml	28	874
surgery_clinical_trials_pubmed25n1385.xml	22	797
surgery_clinical_trials_pubmed25n1386.xml	17	563
surgery_clinical_trials_pubmed25n1387.xml	67	1159
surgery_clinical_trials_pubmed25n1388.xml	7	82
surgery_clinical_trials_pubmed25n1389.xml	23	1326
surgery_clinical_trials_pubmed25n1390.xml	4	19
surgery_clinical_trials_pubmed25n1391.xml	27	470
surgery_clinical_trials_pubmed25n1392.xml	22	588
surgery_clinical_trials_pubmed25n1393.xml	19	580
surgery_clinical_trials_pubmed25n1394.xml	17	481
surgery_clinical_trials_pubmed25n1395.xml	32	877
surgery_clinical_trials_pubmed25n1396.xml	6	118
surgery_clinical_trials_pubmed25n1397.xml	21	491
surgery_clinical_trials_pubmed25n1398.xml	35	643
surgery_clinical_trials_pubmed25n1399.xml	29	580
surgery_clinical_trials_pubmed25n1400.xml	35	605
surgery_clinical_trials_pubmed25n1401.xml	19	429
surgery_clinical_trials_pubmed25n1402.xml	15	343
surgery_clinical_trials_pubmed25n1403.xml	23	487
surgery_clinical_trials_pubmed25n1404.xml	17	570
surgery_clinical_trials_pubmed25n1405.xml	20	521
surgery_clinical_trials_pubmed25n1406.xml	22	591
surgery_clinical_trials_pubmed25n1407.xml	32	628
surgery_clinical_trials_pubmed25n1408.xml	1	221
surgery_clinical_trials_pubmed25n1409.xml	11	150
surgery_clinical_trials_pubmed25n1410.xml	10	296
surgery_clinical_trials_pubmed25n1411.xml	17	320
surgery_clinical_trials_pubmed25n1412.xml	16	274
surgery_clinical_trials_pubmed25n1413.xml	21	485
surgery_clinical_trials_pubmed25n1414.xml	11	451
surgery_clinical_trials_pubmed25n1415.xml	1	131
surgery_clinical_trials_pubmed25n1416.xml	4	114
surgery_clinical_trials_pubmed25n1417.xml	10	232
surgery_clinical_trials_pubmed25n1418.xml	15	465
surgery_clinical_trials_pubmed25n1419.xml	20	324
surgery_clinical_trials_pubmed25n1420.xml	34	450
surgery_clinical_trials_pubmed25n1421.xml	25	252
surgery_clinical_trials_pubmed25n1422.xml	15	292
surgery_clinical_trials_pubmed25n1423.xml	16	304
surgery_clinical_trials_pubmed25n1424.xml	19	330
surgery_clinical_trials_pubmed25n1425.xml	9	487
surgery_clinical_trials_pubmed25n1426.xml	3	133
surgery_clinical_trials_pubmed25n1427.xml	16	324
surgery_clinical_trials_pubmed25n1428.xml	13	315
surgery_clinical_trials_pubmed25n1429.xml	14	323
surgery_clinical_trials_pubmed25n1430.xml	16	370
surgery_clinical_trials_pubmed25n1431.xml	21	375
surgery_clinical_trials_pubmed25n1432.xml	18	355
surgery_clinical_trials_pubmed25n1433.xml	10	325
surgery_clinical_trials_pubmed25n1434.xml	4	388
surgery_clinical_trials_pubmed25n1435.xml	10	417
surgery_clinical_trials_pubmed25n1436.xml	11	452
surgery_clinical_trials_pubmed25n1437.xml	9	411
surgery_clinical_trials_pubmed25n1438.xml	5	413
surgery_clinical_trials_pubmed25n1439.xml	1	451
surgery_clinical_trials_pubmed25n1440.xml	3	396
surgery_clinical_trials_pubmed25n1441.xml	2	310
surgery_clinical_trials_pubmed25n1442.xml	4	228
surgery_clinical_trials_pubmed25n1443.xml	1	232
surgery_clinical_trials_pubmed25n1444.xml	16	450
surgery_clinical_trials_pubmed25n1445.xml	10	333
surgery_clinical_trials_pubmed25n1446.xml	8	116
surgery_clinical_trials_pubmed25n1447.xml	18	365
surgery_clinical_trials_pubmed25n1448.xml	13	543
surgery_clinical_trials_pubmed25n1449.xml	12	436
surgery_clinical_trials_pubmed25n1450.xml	21	584
surgery_clinical_trials_pubmed25n1451.xml	27	450
surgery_clinical_trials_pubmed25n1452.xml	12	222
surgery_clinical_trials_pubmed25n1453.xml	9	208
surgery_clinical_trials_pubmed25n1454.xml	11	345
surgery_clinical_trials_pubmed25n1455.xml	7	284
surgery_clinical_trials_pubmed25n1456.xml	11	310
surgery_clinical_trials_pubmed25n1457.xml	16	411
surgery_clinical_trials_pubmed25n1458.xml	6	397
surgery_clinical_trials_pubmed25n1459.xml	11	290
surgery_clinical_trials_pubmed25n1460.xml	13	183
surgery_clinical_trials_pubmed25n1461.xml	10	267
surgery_clinical_trials_pubmed25n1462.xml	13	434
surgery_clinical_trials_pubmed25n1463.xml	13	378
surgery_clinical_trials_pubmed25n1464.xml	9	231
surgery_clinical_trials_pubmed25n1465.xml	10	228
surgery_clinical_trials_pubmed25n1466.xml	5	128
surgery_clinical_trials_pubmed25n1467.xml	2	83
surgery_clinical_trials_pubmed25n1468.xml	11	589
surgery_clinical_trials_pubmed25n1469.xml	16	307
surgery_clinical_trials_pubmed25n1470.xml	9	259
surgery_clinical_trials_pubmed25n1471.xml	14	500
surgery_clinical_trials_pubmed25n1472.xml	0	0
surgery_clinical_trials_pubmed25n1473.xml	16	427
surgery_clinical_trials_pubmed25n1474.xml	8	376
surgery_clinical_trials_pubmed25n1475.xml	25	734
surgery_clinical_trials_pubmed25n1476.xml	16	373
surgery_clinical_trials_pubmed25n1477.xml	2	9
surgery_clinical_trials_pubmed25n1478.xml	5	158
surgery_clinical_trials_pubmed25n1479.xml	3	69
surgery_clinical_trials_pubmed25n1480.xml	13	319
surgery_clinical_trials_pubmed25n1481.xml	21	734
surgery_clinical_trials_pubmed25n1482.xml	12	555
surgery_clinical_trials_pubmed25n1483.xml	13	475
surgery_clinical_trials_pubmed25n1484.xml	13	353
surgery_clinical_trials_pubmed25n1485.xml	6	150
surgery_clinical_trials_pubmed25n1486.xml	7	106
surgery_clinical_trials_pubmed25n1487.xml	8	217
surgery_clinical_trials_pubmed25n1488.xml	10	472
surgery_clinical_trials_pubmed25n1489.xml	0	82
surgery_clinical_trials_pubmed25n1490.xml	28	479
surgery_clinical_trials_pubmed25n1491.xml	13	237
surgery_clinical_trials_pubmed25n1492.xml	28	439
surgery_clinical_trials_pubmed25n1493.xml	47	748
surgery_clinical_trials_pubmed25n1494.xml	0	17
surgery_clinical_trials_pubmed25n1495.xml	2	103
surgery_clinical_trials_pubmed25n1496.xml	10	180
surgery_clinical_trials_pubmed25n1497.xml	9	306
surgery_clinical_trials_pubmed25n1498.xml	12	298
surgery_clinical_trials_pubmed25n1499.xml	12	260
surgery_clinical_trials_pubmed25n1500.xml	18	571
surgery_clinical_trials_pubmed25n1501.xml	16	527
surgery_clinical_trials_pubmed25n1502.xml	7	185
surgery_clinical_trials_pubmed25n1503.xml	9	330
surgery_clinical_trials_pubmed25n1504.xml	10	281
surgery_clinical_trials_pubmed25n1505.xml	6	360
surgery_clinical_trials_pubmed25n1506.xml	22	314
TOTAL	19389	656118
